ExitIP,CountryCode,CountryName,City,Region,Source
102.130.113.9,ZA,South Africa,,,MaxMind GeoLite2
102.130.117.167,ZA,South Africa,,,MaxMind GeoLite2
102.130.127.117,ZA,South Africa,,,MaxMind GeoLite2
102.211.56.20,ZA,South Africa,Johannesburg,Gauteng,MaxMind GeoLite2
103.109.101.105,HK,Hong Kong,,,MaxMind GeoLite2
103.146.203.11,ID,Indonesia,,,MaxMind GeoLite2
103.164.54.199,SG,Singapore,Singapore,,MaxMind GeoLite2
103.193.179.233,ID,Indonesia,,,MaxMind GeoLite2
103.20.241.102,MY,Malaysia,,,MaxMind GeoLite2
103.253.24.18,SG,Singapore,,,MaxMind GeoLite2
103.253.42.209,HK,Hong Kong,,,MaxMind GeoLite2
103.28.52.93,ID,Indonesia,,,MaxMind GeoLite2
103.91.65.44,MY,Malaysia,Cyberjaya,Selangor,MaxMind GeoLite2
104.167.241.4,US,United States,Conroe,Texas,MaxMind GeoLite2
104.167.242.117,US,United States,Conroe,Texas,MaxMind GeoLite2
104.167.242.118,US,United States,Conroe,Texas,MaxMind GeoLite2
104.192.3.74,US,United States,,,MaxMind GeoLite2
104.219.236.100,US,United States,,,MaxMind GeoLite2
104.244.72.132,CH,Switzerland,,,MaxMind GeoLite2
104.244.73.136,CH,Switzerland,,,MaxMind GeoLite2
104.244.73.14,CH,Switzerland,,,MaxMind GeoLite2
104.244.73.190,CH,Switzerland,,,MaxMind GeoLite2
104.244.73.193,CH,Switzerland,,,MaxMind GeoLite2
104.244.74.51,CH,Switzerland,,,MaxMind GeoLite2
104.244.74.97,CH,Switzerland,,,MaxMind GeoLite2
104.244.75.140,CH,Switzerland,,,MaxMind GeoLite2
104.244.75.74,CH,Switzerland,,,MaxMind GeoLite2
104.244.76.237,CH,Switzerland,,,MaxMind GeoLite2
104.244.77.208,CH,Switzerland,,,MaxMind GeoLite2
104.244.78.162,CH,Switzerland,,,MaxMind GeoLite2
104.244.78.232,CH,Switzerland,,,MaxMind GeoLite2
104.244.78.233,CH,Switzerland,,,MaxMind GeoLite2
104.244.79.44,CH,Switzerland,,,MaxMind GeoLite2
104.244.79.50,CH,Switzerland,,,MaxMind GeoLite2
104.244.79.61,CH,Switzerland,,,MaxMind GeoLite2
107.189.1.160,LU,Luxembourg,Luxembourg,Luxembourg,MaxMind GeoLite2
107.189.1.175,LU,Luxembourg,Luxembourg,Luxembourg,MaxMind GeoLite2
107.189.1.9,LU,Luxembourg,Luxembourg,Luxembourg,MaxMind GeoLite2
107.189.10.175,LU,Luxembourg,Bissen,Mersch,MaxMind GeoLite2
107.189.11.111,LU,Luxembourg,Luxembourg,Luxembourg,MaxMind GeoLite2
107.189.12.157,DE,Germany,Frankfurt am Main,Hesse,MaxMind GeoLite2
107.189.12.3,DE,Germany,Frankfurt am Main,Hesse,MaxMind GeoLite2
107.189.13.180,LU,Luxembourg,Luxembourg,Luxembourg,MaxMind GeoLite2
107.189.13.253,LU,Luxembourg,Luxembourg,Luxembourg,MaxMind GeoLite2
107.189.13.254,LU,Luxembourg,Luxembourg,Luxembourg,MaxMind GeoLite2
107.189.14.4,LU,Luxembourg,Luxembourg,Luxembourg,MaxMind GeoLite2
107.189.14.43,LU,Luxembourg,Luxembourg,Luxembourg,MaxMind GeoLite2
107.189.2.108,LU,Luxembourg,Luxembourg,Luxembourg,MaxMind GeoLite2
107.189.20.102,NL,The Netherlands,Zaandam,North Holland,MaxMind GeoLite2
107.189.27.145,NL,The Netherlands,Zaandam,North Holland,MaxMind GeoLite2
107.189.29.184,LU,Luxembourg,Luxembourg,Luxembourg,MaxMind GeoLite2
107.189.29.8,LU,Luxembourg,Luxembourg,Luxembourg,MaxMind GeoLite2
107.189.3.11,LU,Luxembourg,Luxembourg,Luxembourg,MaxMind GeoLite2
107.189.3.148,LU,Luxembourg,Luxembourg,Luxembourg,MaxMind GeoLite2
107.189.3.94,LU,Luxembourg,Luxembourg,Luxembourg,MaxMind GeoLite2
107.189.30.236,LU,Luxembourg,,,MaxMind GeoLite2
107.189.30.49,LU,Luxembourg,,,MaxMind GeoLite2
107.189.30.86,LU,Luxembourg,,,MaxMind GeoLite2
107.189.31.187,LU,Luxembourg,Luxembourg,Luxembourg,MaxMind GeoLite2
107.189.31.33,LU,Luxembourg,Luxembourg,Luxembourg,MaxMind GeoLite2
107.189.31.52,LU,Luxembourg,Luxembourg,Luxembourg,MaxMind GeoLite2
107.189.4.12,LU,Luxembourg,Luxembourg,Luxembourg,MaxMind GeoLite2
107.189.4.209,LU,Luxembourg,Luxembourg,Luxembourg,MaxMind GeoLite2
107.189.5.121,LU,Luxembourg,Luxembourg,Luxembourg,MaxMind GeoLite2
107.189.5.249,LU,Luxembourg,Luxembourg,Luxembourg,MaxMind GeoLite2
107.189.5.7,LU,Luxembourg,Luxembourg,Luxembourg,MaxMind GeoLite2
107.189.6.124,LU,Luxembourg,Luxembourg,Luxembourg,MaxMind GeoLite2
107.189.7.141,LU,Luxembourg,Luxembourg,Luxembourg,MaxMind GeoLite2
107.189.7.144,LU,Luxembourg,Luxembourg,Luxembourg,MaxMind GeoLite2
107.189.7.168,LU,Luxembourg,Luxembourg,Luxembourg,MaxMind GeoLite2
107.189.8.133,LU,Luxembourg,Luxembourg,Luxembourg,MaxMind GeoLite2
107.189.8.16,LU,Luxembourg,Luxembourg,Luxembourg,MaxMind GeoLite2
107.189.8.181,LU,Luxembourg,Luxembourg,Luxembourg,MaxMind GeoLite2
107.189.8.226,LU,Luxembourg,Luxembourg,Luxembourg,MaxMind GeoLite2
107.189.8.56,LU,Luxembourg,Luxembourg,Luxembourg,MaxMind GeoLite2
107.189.8.65,LU,Luxembourg,Luxembourg,Luxembourg,MaxMind GeoLite2
107.189.8.70,LU,Luxembourg,Luxembourg,Luxembourg,MaxMind GeoLite2
108.59.12.41,US,United States,,Delaware,MaxMind GeoLite2
108.61.189.136,NL,The Netherlands,Amsterdam,North Holland,MaxMind GeoLite2
109.123.231.55,JP,Japan,Tokyo,Tokyo,MaxMind GeoLite2
109.169.33.163,GB,United Kingdom,,,MaxMind GeoLite2
109.228.160.190,SE,Sweden,Mjölby,Östergötland County,MaxMind GeoLite2
109.237.27.11,GB,United Kingdom,London,England,MaxMind GeoLite2
109.69.67.17,DE,Germany,,,MaxMind GeoLite2
109.70.100.1,AT,Austria,Vienna,Vienna,MaxMind GeoLite2
109.70.100.10,AT,Austria,Vienna,Vienna,MaxMind GeoLite2
109.70.100.11,AT,Austria,Vienna,Vienna,MaxMind GeoLite2
109.70.100.12,AT,Austria,Vienna,Vienna,MaxMind GeoLite2
109.70.100.13,AT,Austria,Vienna,Vienna,MaxMind GeoLite2
109.70.100.2,AT,Austria,Vienna,Vienna,MaxMind GeoLite2
109.70.100.3,AT,Austria,Vienna,Vienna,MaxMind GeoLite2
109.70.100.4,AT,Austria,Vienna,Vienna,MaxMind GeoLite2
109.70.100.5,AT,Austria,Vienna,Vienna,MaxMind GeoLite2
109.70.100.6,AT,Austria,Vienna,Vienna,MaxMind GeoLite2
109.70.100.7,AT,Austria,Vienna,Vienna,MaxMind GeoLite2
109.70.100.8,AT,Austria,Vienna,Vienna,MaxMind GeoLite2
109.70.100.9,AT,Austria,Vienna,Vienna,MaxMind GeoLite2
109.71.252.182,DE,Germany,,,MaxMind GeoLite2
109.71.252.88,DE,Germany,,,MaxMind GeoLite2
109.71.252.97,DE,Germany,,,MaxMind GeoLite2
114.35.245.150,TW,Taiwan,Taipei,Taipei City,MaxMind GeoLite2
118.163.74.160,TW,Taiwan,New Taipei City,New Taipei City,MaxMind GeoLite2
121.78.28.166,KR,South Korea,,,MaxMind GeoLite2
123.253.35.32,MY,Malaysia,Cyberjaya,Selangor,MaxMind GeoLite2
124.198.131.108,US,United States,New York,New York,MaxMind GeoLite2
124.198.131.114,US,United States,New York,New York,MaxMind GeoLite2
124.198.131.121,US,United States,New York,New York,MaxMind GeoLite2
124.198.131.133,US,United States,New York,New York,MaxMind GeoLite2
124.198.131.165,US,United States,New York,New York,MaxMind GeoLite2
124.198.131.173,US,United States,New York,New York,MaxMind GeoLite2
124.198.131.190,US,United States,New York,New York,MaxMind GeoLite2
124.198.131.191,US,United States,New York,New York,MaxMind GeoLite2
124.198.131.223,US,United States,New York,New York,MaxMind GeoLite2
124.198.131.253,US,United States,New York,New York,MaxMind GeoLite2
124.198.131.29,US,United States,New York,New York,MaxMind GeoLite2
124.198.131.62,US,United States,New York,New York,MaxMind GeoLite2
124.198.132.13,US,United States,New York,New York,MaxMind GeoLite2
124.198.132.172,US,United States,New York,New York,MaxMind GeoLite2
124.198.132.237,US,United States,New York,New York,MaxMind GeoLite2
124.198.132.52,US,United States,New York,New York,MaxMind GeoLite2
124.198.132.98,US,United States,New York,New York,MaxMind GeoLite2
125.212.241.131,VN,Vietnam,Ho Chi Minh City,Ho Chi Minh,MaxMind GeoLite2
125.253.56.119,AU,Australia,Sydney,New South Wales,MaxMind GeoLite2
128.31.0.13,US,United States,Cambridge,Massachusetts,MaxMind GeoLite2
130.193.10.21,CZ,Czechia,Prague,Prague,MaxMind GeoLite2
130.193.15.186,CZ,Czechia,,,MaxMind GeoLite2
130.193.15.79,CZ,Czechia,,,MaxMind GeoLite2
131.72.79.38,TT,Trinidad and Tobago,Princes Town,Princes Town,MaxMind GeoLite2
136.244.111.163,NL,The Netherlands,Amsterdam,North Holland,MaxMind GeoLite2
138.226.236.103,BZ,Belize,Belize City,Belize District,MaxMind GeoLite2
138.226.236.65,BZ,Belize,Belize City,Belize District,MaxMind GeoLite2
138.59.18.110,CR,Costa Rica,,,MaxMind GeoLite2
139.99.172.11,AU,Australia,Sydney,New South Wales,MaxMind GeoLite2
139.99.8.57,SG,Singapore,Singapore,,MaxMind GeoLite2
141.239.158.222,US,United States,Honolulu,Hawaii,MaxMind GeoLite2
141.98.11.62,LT,Lithuania,Vilnius,Vilnius,MaxMind GeoLite2
143.20.166.14,MY,Malaysia,Kuala Lumpur,Kuala Lumpur,MaxMind GeoLite2
144.126.133.74,US,United States,St Louis,Missouri,MaxMind GeoLite2
146.59.231.4,FR,France,,,MaxMind GeoLite2
149.102.153.38,GB,United Kingdom,Portsmouth,England,MaxMind GeoLite2
149.202.79.101,FR,France,,,MaxMind GeoLite2
149.202.79.129,FR,France,,,MaxMind GeoLite2
149.56.44.47,CA,Canada,Montreal,Quebec,MaxMind GeoLite2
15.134.222.145,AU,Australia,Sydney,New South Wales,MaxMind GeoLite2
151.241.154.218,US,United States,Edison,New Jersey,MaxMind GeoLite2
151.242.242.16,CL,Chile,Santiago,Santiago Metropolitan,MaxMind GeoLite2
151.242.242.45,CL,Chile,Santiago,Santiago Metropolitan,MaxMind GeoLite2
151.243.109.177,NL,The Netherlands,Eindhoven,North Brabant,MaxMind GeoLite2
152.53.150.12,DE,Germany,Nuremberg,Bavaria,MaxMind GeoLite2
152.53.210.165,AT,Austria,,,MaxMind GeoLite2
154.26.159.157,AU,Australia,Sydney,New South Wales,MaxMind GeoLite2
154.53.58.161,US,United States,Seattle,Washington,MaxMind GeoLite2
158.174.210.97,SE,Sweden,Älta,Stockholm County,MaxMind GeoLite2
160.119.249.240,ZA,South Africa,,,MaxMind GeoLite2
160.187.148.71,VN,Vietnam,,,MaxMind GeoLite2
160.191.28.184,IN,India,Mumbai,Maharashtra,MaxMind GeoLite2
161.129.68.162,US,United States,Dallas,Texas,MaxMind GeoLite2
162.19.7.11,FR,France,,,MaxMind GeoLite2
162.216.18.62,US,United States,Cedar Knolls,New Jersey,MaxMind GeoLite2
162.220.14.54,US,United States,,,MaxMind GeoLite2
162.220.14.78,US,United States,,,MaxMind GeoLite2
162.251.5.152,US,United States,Portland,Oregon,MaxMind GeoLite2
163.172.84.90,FR,France,Paris,Île-de-France,MaxMind GeoLite2
165.73.242.163,ZA,South Africa,,,MaxMind GeoLite2
166.70.207.2,US,United States,Salt Lake City,Utah,MaxMind GeoLite2
167.179.117.50,JP,Japan,Minamishinagawa,Tokyo,MaxMind GeoLite2
171.25.158.113,SE,Sweden,Vaxjo,Kronoberg County,MaxMind GeoLite2
171.25.193.131,SE,Sweden,,,MaxMind GeoLite2
171.25.193.132,SE,Sweden,,,MaxMind GeoLite2
171.25.193.20,SE,Sweden,,,MaxMind GeoLite2
171.25.193.234,SE,Sweden,,,MaxMind GeoLite2
171.25.193.235,SE,Sweden,,,MaxMind GeoLite2
171.25.193.25,SE,Sweden,,,MaxMind GeoLite2
171.25.193.35,SE,Sweden,,,MaxMind GeoLite2
171.25.193.36,SE,Sweden,,,MaxMind GeoLite2
171.25.193.37,SE,Sweden,,,MaxMind GeoLite2
171.25.193.38,SE,Sweden,,,MaxMind GeoLite2
171.25.193.39,SE,Sweden,,,MaxMind GeoLite2
171.25.193.40,SE,Sweden,,,MaxMind GeoLite2
171.25.193.77,SE,Sweden,,,MaxMind GeoLite2
171.25.193.78,SE,Sweden,,,MaxMind GeoLite2
171.25.193.79,SE,Sweden,,,MaxMind GeoLite2
171.25.193.80,SE,Sweden,,,MaxMind GeoLite2
171.25.193.81,SE,Sweden,,,MaxMind GeoLite2
171.25.193.82,SE,Sweden,,,MaxMind GeoLite2
172.104.182.84,SG,Singapore,Singapore,,MaxMind GeoLite2
172.104.186.73,SG,Singapore,Singapore,,MaxMind GeoLite2
172.104.243.155,DE,Germany,Frankfurt am Main,Hesse,MaxMind GeoLite2
172.105.20.12,CA,Canada,Toronto,Ontario,MaxMind GeoLite2
172.232.209.254,IT,Italy,Milan,Lombardy,MaxMind GeoLite2
172.232.219.78,IT,Italy,Milan,Lombardy,MaxMind GeoLite2
172.233.82.41,JP,Japan,Osaka,Osaka,MaxMind GeoLite2
172.234.228.174,US,United States,Tukwila,Washington,MaxMind GeoLite2
172.234.92.148,JP,Japan,Osaka,Osaka,MaxMind GeoLite2
172.238.12.191,JP,Japan,Tokyo,Tokyo,MaxMind GeoLite2
172.238.21.236,JP,Japan,Tokyo,Tokyo,MaxMind GeoLite2
172.81.131.139,US,United States,Chicago,Illinois,MaxMind GeoLite2
172.81.131.156,US,United States,Chicago,Illinois,MaxMind GeoLite2
172.81.132.94,US,United States,,,MaxMind GeoLite2
172.86.70.20,DE,Germany,Frankfurt am Main,Hesse,MaxMind GeoLite2
173.237.206.68,US,United States,,,MaxMind GeoLite2
173.255.198.243,US,United States,Richardson,Texas,MaxMind GeoLite2
176.118.193.33,AT,Austria,,,MaxMind GeoLite2
176.121.81.51,PL,Poland,Wroclaw,Lower Silesia,MaxMind GeoLite2
176.58.121.177,GB,United Kingdom,London,England,MaxMind GeoLite2
176.65.134.8,DE,Germany,,,MaxMind GeoLite2
176.65.148.246,NL,The Netherlands,Eygelshoven,Limburg,MaxMind GeoLite2
176.65.148.3,NL,The Netherlands,Eygelshoven,Limburg,MaxMind GeoLite2
176.65.149.96,NL,The Netherlands,Eygelshoven,Limburg,MaxMind GeoLite2
176.97.114.202,UA,Ukraine,Kyiv,Kyiv City,MaxMind GeoLite2
178.162.175.5,NL,The Netherlands,,,MaxMind GeoLite2
178.17.170.225,MD,Moldova,Chisinau,Chișinău Municipality,MaxMind GeoLite2
178.17.171.102,MD,Moldova,Chisinau,Chișinău Municipality,MaxMind GeoLite2
178.17.174.14,MD,Moldova,Chisinau,Chișinău Municipality,MaxMind GeoLite2
178.17.174.164,MD,Moldova,Chisinau,Chișinău Municipality,MaxMind GeoLite2
178.170.114.117,FR,France,Chelles,Île-de-France,MaxMind GeoLite2
178.175.148.155,MD,Moldova,Căușeni,Raionul Căuşeni,MaxMind GeoLite2
178.20.55.16,FR,France,Clichy,Île-de-France,MaxMind GeoLite2
178.20.55.182,FR,France,Clichy,Île-de-France,MaxMind GeoLite2
178.218.144.18,IT,Italy,Milan,Lombardy,MaxMind GeoLite2
178.218.144.51,IT,Italy,Milan,Lombardy,MaxMind GeoLite2
178.218.144.64,IT,Italy,Milan,Lombardy,MaxMind GeoLite2
178.218.144.96,IT,Italy,Milan,Lombardy,MaxMind GeoLite2
178.218.144.99,IT,Italy,Milan,Lombardy,MaxMind GeoLite2
178.79.154.219,GB,United Kingdom,London,England,MaxMind GeoLite2
178.85.124.70,NL,The Netherlands,Amsterdam,North Holland,MaxMind GeoLite2
179.43.128.16,CH,Switzerland,Rümlang,Zurich,MaxMind GeoLite2
179.43.133.50,CH,Switzerland,Rümlang,Zurich,MaxMind GeoLite2
179.43.140.198,CH,Switzerland,Rümlang,Zurich,MaxMind GeoLite2
179.43.159.78,CH,Switzerland,Rümlang,Zurich,MaxMind GeoLite2
179.43.182.232,CH,Switzerland,Rümlang,Zurich,MaxMind GeoLite2
179.43.182.58,CH,Switzerland,Rümlang,Zurich,MaxMind GeoLite2
18.209.16.140,US,United States,Ashburn,Virginia,MaxMind GeoLite2
180.149.44.109,AZ,Azerbaijan,Baku,Baku City,MaxMind GeoLite2
180.150.226.99,KR,South Korea,,,MaxMind GeoLite2
184.75.223.235,CA,Canada,Toronto,Ontario,MaxMind GeoLite2
185.100.85.132,RO,Romania,Bucharest,București,MaxMind GeoLite2
185.100.85.24,RO,Romania,Bucharest,București,MaxMind GeoLite2
185.100.85.25,RO,Romania,Bucharest,București,MaxMind GeoLite2
185.100.87.136,RO,Romania,Bucharest,București,MaxMind GeoLite2
185.100.87.166,RO,Romania,Bucharest,București,MaxMind GeoLite2
185.100.87.174,RO,Romania,Bucharest,București,MaxMind GeoLite2
185.100.87.192,RO,Romania,Bucharest,București,MaxMind GeoLite2
185.100.87.250,RO,Romania,Bucharest,București,MaxMind GeoLite2
185.106.102.102,CY,Cyprus,Limassol,Limassol District,MaxMind GeoLite2
185.11.139.198,DE,Germany,,,MaxMind GeoLite2
185.112.144.11,IS,Iceland,,,MaxMind GeoLite2
185.112.146.167,IS,Iceland,,,MaxMind GeoLite2
185.113.128.30,GB,United Kingdom,London,England,MaxMind GeoLite2
185.121.170.60,US,United States,,,MaxMind GeoLite2
185.121.170.61,US,United States,,,MaxMind GeoLite2
185.126.114.110,UA,Ukraine,Mykolayiv,Mykolaiv,MaxMind GeoLite2
185.129.61.1,DK,Denmark,,,MaxMind GeoLite2
185.129.61.10,DK,Denmark,,,MaxMind GeoLite2
185.129.61.129,DK,Denmark,,,MaxMind GeoLite2
185.129.61.2,DK,Denmark,,,MaxMind GeoLite2
185.129.61.3,DK,Denmark,,,MaxMind GeoLite2
185.129.61.4,DK,Denmark,,,MaxMind GeoLite2
185.129.61.5,DK,Denmark,,,MaxMind GeoLite2
185.129.61.6,DK,Denmark,,,MaxMind GeoLite2
185.129.61.7,DK,Denmark,,,MaxMind GeoLite2
185.129.61.8,DK,Denmark,,,MaxMind GeoLite2
185.129.61.9,DK,Denmark,,,MaxMind GeoLite2
185.129.62.62,DK,Denmark,,,MaxMind GeoLite2
185.129.62.63,DK,Denmark,,,MaxMind GeoLite2
185.129.62.64,DK,Denmark,,,MaxMind GeoLite2
185.130.47.58,NL,The Netherlands,Amsterdam,North Holland,MaxMind GeoLite2
185.132.53.11,DE,Germany,,,MaxMind GeoLite2
185.132.53.121,DE,Germany,,,MaxMind GeoLite2
185.132.53.150,DE,Germany,,,MaxMind GeoLite2
185.132.53.27,DE,Germany,,,MaxMind GeoLite2
185.132.53.37,DE,Germany,,,MaxMind GeoLite2
185.132.53.45,DE,Germany,,,MaxMind GeoLite2
185.132.53.46,DE,Germany,,,MaxMind GeoLite2
185.132.53.47,DE,Germany,,,MaxMind GeoLite2
185.132.53.58,DE,Germany,,,MaxMind GeoLite2
185.150.28.13,CH,Switzerland,,,MaxMind GeoLite2
185.154.110.142,SE,Sweden,Bollnäs,Gävleborg County,MaxMind GeoLite2
185.154.110.17,SE,Sweden,Bollnäs,Gävleborg County,MaxMind GeoLite2
185.165.169.239,RO,Romania,Bucharest,București,MaxMind GeoLite2
185.165.171.84,IS,Iceland,,,MaxMind GeoLite2
185.170.114.25,DE,Germany,Nuremberg,Bavaria,MaxMind GeoLite2
185.181.60.204,NO,Norway,Sandefjord,Vestfold,MaxMind GeoLite2
185.181.61.201,NO,Norway,Sandefjord,Vestfold,MaxMind GeoLite2
185.181.61.203,NO,Norway,Sandefjord,Vestfold,MaxMind GeoLite2
185.183.157.214,DE,Germany,Nuremberg,Bavaria,MaxMind GeoLite2
185.191.204.254,IL,Israel,,,MaxMind GeoLite2
185.193.52.180,RO,Romania,,,MaxMind GeoLite2
185.195.71.244,CH,Switzerland,,,MaxMind GeoLite2
185.207.107.130,DE,Germany,Nuremberg,Bavaria,MaxMind GeoLite2
185.207.107.216,DE,Germany,Nuremberg,Bavaria,MaxMind GeoLite2
185.208.159.170,US,United States,Houston,Texas,MaxMind GeoLite2
185.212.226.76,FR,France,,,MaxMind GeoLite2
185.220.100.240,DE,Germany,,,MaxMind GeoLite2
185.220.100.241,DE,Germany,,,MaxMind GeoLite2
185.220.100.242,DE,Germany,,,MaxMind GeoLite2
185.220.100.243,DE,Germany,,,MaxMind GeoLite2
185.220.100.244,DE,Germany,,,MaxMind GeoLite2
185.220.100.245,DE,Germany,,,MaxMind GeoLite2
185.220.100.246,DE,Germany,,,MaxMind GeoLite2
185.220.100.247,DE,Germany,,,MaxMind GeoLite2
185.220.100.248,DE,Germany,,,MaxMind GeoLite2
185.220.100.249,DE,Germany,,,MaxMind GeoLite2
185.220.100.250,DE,Germany,,,MaxMind GeoLite2
185.220.100.251,DE,Germany,,,MaxMind GeoLite2
185.220.100.252,DE,Germany,,,MaxMind GeoLite2
185.220.100.253,DE,Germany,,,MaxMind GeoLite2
185.220.100.254,DE,Germany,,,MaxMind GeoLite2
185.220.100.255,DE,Germany,Haßfurt,Bavaria,MaxMind GeoLite2
185.220.101.0,DE,Germany,Brandenburg,Brandenburg,MaxMind GeoLite2
185.220.101.1,DE,Germany,Brandenburg,Brandenburg,MaxMind GeoLite2
185.220.101.10,DE,Germany,Brandenburg,Brandenburg,MaxMind GeoLite2
185.220.101.100,DE,Germany,Brandenburg,Brandenburg,MaxMind GeoLite2
185.220.101.101,DE,Germany,Brandenburg,Brandenburg,MaxMind GeoLite2
185.220.101.102,DE,Germany,Brandenburg,Brandenburg,MaxMind GeoLite2
185.220.101.103,DE,Germany,Brandenburg,Brandenburg,MaxMind GeoLite2
185.220.101.104,DE,Germany,Brandenburg,Brandenburg,MaxMind GeoLite2
185.220.101.105,DE,Germany,Brandenburg,Brandenburg,MaxMind GeoLite2
185.220.101.106,DE,Germany,Brandenburg,Brandenburg,MaxMind GeoLite2
185.220.101.107,DE,Germany,Brandenburg,Brandenburg,MaxMind GeoLite2
185.220.101.108,DE,Germany,Brandenburg,Brandenburg,MaxMind GeoLite2
185.220.101.109,DE,Germany,Brandenburg,Brandenburg,MaxMind GeoLite2
185.220.101.11,DE,Germany,Brandenburg,Brandenburg,MaxMind GeoLite2
185.220.101.110,DE,Germany,Brandenburg,Brandenburg,MaxMind GeoLite2
185.220.101.12,DE,Germany,Brandenburg,Brandenburg,MaxMind GeoLite2
185.220.101.128,DE,Germany,Brandenburg,Brandenburg,MaxMind GeoLite2
185.220.101.129,DE,Germany,Brandenburg,Brandenburg,MaxMind GeoLite2
185.220.101.13,DE,Germany,Brandenburg,Brandenburg,MaxMind GeoLite2
185.220.101.130,DE,Germany,Brandenburg,Brandenburg,MaxMind GeoLite2
185.220.101.131,DE,Germany,Brandenburg,Brandenburg,MaxMind GeoLite2
185.220.101.132,DE,Germany,Brandenburg,Brandenburg,MaxMind GeoLite2
185.220.101.133,DE,Germany,Brandenburg,Brandenburg,MaxMind GeoLite2
185.220.101.134,DE,Germany,Brandenburg,Brandenburg,MaxMind GeoLite2
185.220.101.135,DE,Germany,Brandenburg,Brandenburg,MaxMind GeoLite2
185.220.101.136,DE,Germany,Brandenburg,Brandenburg,MaxMind GeoLite2
185.220.101.137,DE,Germany,Brandenburg,Brandenburg,MaxMind GeoLite2
185.220.101.138,DE,Germany,Brandenburg,Brandenburg,MaxMind GeoLite2
185.220.101.139,DE,Germany,Brandenburg,Brandenburg,MaxMind GeoLite2
185.220.101.14,DE,Germany,Brandenburg,Brandenburg,MaxMind GeoLite2
185.220.101.140,DE,Germany,Brandenburg,Brandenburg,MaxMind GeoLite2
185.220.101.141,DE,Germany,Brandenburg,Brandenburg,MaxMind GeoLite2
185.220.101.142,DE,Germany,Brandenburg,Brandenburg,MaxMind GeoLite2
185.220.101.143,DE,Germany,Brandenburg,Brandenburg,MaxMind GeoLite2
185.220.101.144,DE,Germany,,,MaxMind GeoLite2
185.220.101.145,DE,Germany,Brandenburg,Brandenburg,MaxMind GeoLite2
185.220.101.146,DE,Germany,Brandenburg,Brandenburg,MaxMind GeoLite2
185.220.101.147,DE,Germany,Brandenburg,Brandenburg,MaxMind GeoLite2
185.220.101.148,DE,Germany,Brandenburg,Brandenburg,MaxMind GeoLite2
185.220.101.149,DE,Germany,Brandenburg,Brandenburg,MaxMind GeoLite2
185.220.101.15,DE,Germany,Brandenburg,Brandenburg,MaxMind GeoLite2
185.220.101.150,DE,Germany,Brandenburg,Brandenburg,MaxMind GeoLite2
185.220.101.151,DE,Germany,Brandenburg,Brandenburg,MaxMind GeoLite2
185.220.101.152,DE,Germany,Brandenburg,Brandenburg,MaxMind GeoLite2
185.220.101.153,DE,Germany,Brandenburg,Brandenburg,MaxMind GeoLite2
185.220.101.154,DE,Germany,Brandenburg,Brandenburg,MaxMind GeoLite2
185.220.101.155,DE,Germany,Brandenburg,Brandenburg,MaxMind GeoLite2
185.220.101.156,DE,Germany,Brandenburg,Brandenburg,MaxMind GeoLite2
185.220.101.157,DE,Germany,Brandenburg,Brandenburg,MaxMind GeoLite2
185.220.101.159,DE,Germany,Brandenburg,Brandenburg,MaxMind GeoLite2
185.220.101.16,DE,Germany,Brandenburg,Brandenburg,MaxMind GeoLite2
185.220.101.160,DE,Germany,Brandenburg,Brandenburg,MaxMind GeoLite2
185.220.101.161,DE,Germany,Brandenburg,Brandenburg,MaxMind GeoLite2
185.220.101.162,DE,Germany,Brandenburg,Brandenburg,MaxMind GeoLite2
185.220.101.163,DE,Germany,Brandenburg,Brandenburg,MaxMind GeoLite2
185.220.101.164,DE,Germany,Brandenburg,Brandenburg,MaxMind GeoLite2
185.220.101.165,DE,Germany,Brandenburg,Brandenburg,MaxMind GeoLite2
185.220.101.166,DE,Germany,Brandenburg,Brandenburg,MaxMind GeoLite2
185.220.101.167,DE,Germany,Brandenburg,Brandenburg,MaxMind GeoLite2
185.220.101.168,DE,Germany,Brandenburg,Brandenburg,MaxMind GeoLite2
185.220.101.169,DE,Germany,Brandenburg,Brandenburg,MaxMind GeoLite2
185.220.101.17,DE,Germany,Brandenburg,Brandenburg,MaxMind GeoLite2
185.220.101.170,DE,Germany,Brandenburg,Brandenburg,MaxMind GeoLite2
185.220.101.171,DE,Germany,Schönwalde,Brandenburg,MaxMind GeoLite2
185.220.101.172,DE,Germany,Brandenburg,Brandenburg,MaxMind GeoLite2
185.220.101.173,DE,Germany,Brandenburg,Brandenburg,MaxMind GeoLite2
185.220.101.174,DE,Germany,Brandenburg,Brandenburg,MaxMind GeoLite2
185.220.101.175,DE,Germany,Brandenburg,Brandenburg,MaxMind GeoLite2
185.220.101.176,DE,Germany,Brandenburg,Brandenburg,MaxMind GeoLite2
185.220.101.177,DE,Germany,Brandenburg,Brandenburg,MaxMind GeoLite2
185.220.101.178,DE,Germany,Brandenburg,Brandenburg,MaxMind GeoLite2
185.220.101.179,DE,Germany,Brandenburg,Brandenburg,MaxMind GeoLite2
185.220.101.18,DE,Germany,Brandenburg,Brandenburg,MaxMind GeoLite2
185.220.101.180,DE,Germany,Brandenburg,Brandenburg,MaxMind GeoLite2
185.220.101.181,DE,Germany,Brandenburg,Brandenburg,MaxMind GeoLite2
185.220.101.182,DE,Germany,Brandenburg,Brandenburg,MaxMind GeoLite2
185.220.101.183,DE,Germany,Brandenburg,Brandenburg,MaxMind GeoLite2
185.220.101.184,DE,Germany,Brandenburg,Brandenburg,MaxMind GeoLite2
185.220.101.185,DE,Germany,Brandenburg,Brandenburg,MaxMind GeoLite2
185.220.101.186,DE,Germany,Brandenburg,Brandenburg,MaxMind GeoLite2
185.220.101.188,DE,Germany,Brandenburg,Brandenburg,MaxMind GeoLite2
185.220.101.189,DE,Germany,Brandenburg,Brandenburg,MaxMind GeoLite2
185.220.101.19,DE,Germany,Brandenburg,Brandenburg,MaxMind GeoLite2
185.220.101.190,DE,Germany,Brandenburg,Brandenburg,MaxMind GeoLite2
185.220.101.191,DE,Germany,Brandenburg,Brandenburg,MaxMind GeoLite2
185.220.101.2,DE,Germany,Brandenburg,Brandenburg,MaxMind GeoLite2
185.220.101.20,DE,Germany,Brandenburg,Brandenburg,MaxMind GeoLite2
185.220.101.21,DE,Germany,Brandenburg,Brandenburg,MaxMind GeoLite2
185.220.101.22,DE,Germany,Brandenburg,Brandenburg,MaxMind GeoLite2
185.220.101.23,DE,Germany,Brandenburg,Brandenburg,MaxMind GeoLite2
185.220.101.24,DE,Germany,Brandenburg,Brandenburg,MaxMind GeoLite2
185.220.101.25,DE,Germany,Brandenburg,Brandenburg,MaxMind GeoLite2
185.220.101.26,DE,Germany,Brandenburg,Brandenburg,MaxMind GeoLite2
185.220.101.27,DE,Germany,Brandenburg,Brandenburg,MaxMind GeoLite2
185.220.101.28,DE,Germany,Brandenburg,Brandenburg,MaxMind GeoLite2
185.220.101.29,DE,Germany,Brandenburg,Brandenburg,MaxMind GeoLite2
185.220.101.3,DE,Germany,Brandenburg,Brandenburg,MaxMind GeoLite2
185.220.101.30,DE,Germany,Brandenburg,Brandenburg,MaxMind GeoLite2
185.220.101.31,DE,Germany,Brandenburg,Brandenburg,MaxMind GeoLite2
185.220.101.32,DE,Germany,Brandenburg,Brandenburg,MaxMind GeoLite2
185.220.101.33,DE,Germany,Brandenburg,Brandenburg,MaxMind GeoLite2
185.220.101.34,DE,Germany,Brandenburg,Brandenburg,MaxMind GeoLite2
185.220.101.35,DE,Germany,Brandenburg,Brandenburg,MaxMind GeoLite2
185.220.101.36,DE,Germany,Brandenburg,Brandenburg,MaxMind GeoLite2
185.220.101.37,DE,Germany,Brandenburg,Brandenburg,MaxMind GeoLite2
185.220.101.38,DE,Germany,Brandenburg,Brandenburg,MaxMind GeoLite2
185.220.101.39,DE,Germany,Brandenburg,Brandenburg,MaxMind GeoLite2
185.220.101.4,DE,Germany,Brandenburg,Brandenburg,MaxMind GeoLite2
185.220.101.40,DE,Germany,Brandenburg,Brandenburg,MaxMind GeoLite2
185.220.101.41,DE,Germany,Brandenburg,Brandenburg,MaxMind GeoLite2
185.220.101.42,DE,Germany,Brandenburg,Brandenburg,MaxMind GeoLite2
185.220.101.43,DE,Germany,Brandenburg,Brandenburg,MaxMind GeoLite2
185.220.101.44,DE,Germany,Brandenburg,Brandenburg,MaxMind GeoLite2
185.220.101.45,DE,Germany,Brandenburg,Brandenburg,MaxMind GeoLite2
185.220.101.46,DE,Germany,Brandenburg,Brandenburg,MaxMind GeoLite2
185.220.101.47,DE,Germany,Brandenburg,Brandenburg,MaxMind GeoLite2
185.220.101.48,DE,Germany,Brandenburg,Brandenburg,MaxMind GeoLite2
185.220.101.49,DE,Germany,Brandenburg,Brandenburg,MaxMind GeoLite2
185.220.101.5,DE,Germany,Brandenburg,Brandenburg,MaxMind GeoLite2
185.220.101.50,DE,Germany,Brandenburg,Brandenburg,MaxMind GeoLite2
185.220.101.51,DE,Germany,Brandenburg,Brandenburg,MaxMind GeoLite2
185.220.101.52,DE,Germany,Brandenburg,Brandenburg,MaxMind GeoLite2
185.220.101.53,DE,Germany,Brandenburg,Brandenburg,MaxMind GeoLite2
185.220.101.54,DE,Germany,Brandenburg,Brandenburg,MaxMind GeoLite2
185.220.101.55,DE,Germany,Brandenburg,Brandenburg,MaxMind GeoLite2
185.220.101.56,DE,Germany,Brandenburg,Brandenburg,MaxMind GeoLite2
185.220.101.57,DE,Germany,Brandenburg,Brandenburg,MaxMind GeoLite2
185.220.101.58,DE,Germany,Brandenburg,Brandenburg,MaxMind GeoLite2
185.220.101.59,DE,Germany,Brandenburg,Brandenburg,MaxMind GeoLite2
185.220.101.6,DE,Germany,Brandenburg,Brandenburg,MaxMind GeoLite2
185.220.101.60,DE,Germany,Brandenburg,Brandenburg,MaxMind GeoLite2
185.220.101.61,DE,Germany,Brandenburg,Brandenburg,MaxMind GeoLite2
185.220.101.62,DE,Germany,Brandenburg,Brandenburg,MaxMind GeoLite2
185.220.101.63,DE,Germany,Brandenburg,Brandenburg,MaxMind GeoLite2
185.220.101.7,DE,Germany,Brandenburg,Brandenburg,MaxMind GeoLite2
185.220.101.8,DE,Germany,Brandenburg,Brandenburg,MaxMind GeoLite2
185.220.101.9,DE,Germany,Brandenburg,Brandenburg,MaxMind GeoLite2
185.220.101.96,DE,Germany,Brandenburg,Brandenburg,MaxMind GeoLite2
185.220.101.97,DE,Germany,Brandenburg,Brandenburg,MaxMind GeoLite2
185.220.101.98,DE,Germany,Brandenburg,Brandenburg,MaxMind GeoLite2
185.220.101.99,DE,Germany,Brandenburg,Brandenburg,MaxMind GeoLite2
185.225.69.187,HU,Hungary,Budapest,Budapest,MaxMind GeoLite2
185.225.69.203,HU,Hungary,Budapest,Budapest,MaxMind GeoLite2
185.225.69.222,HU,Hungary,Budapest,Budapest,MaxMind GeoLite2
185.225.69.225,HU,Hungary,Budapest,Budapest,MaxMind GeoLite2
185.225.69.232,HU,Hungary,Budapest,Budapest,MaxMind GeoLite2
185.227.134.106,SG,Singapore,Singapore,,MaxMind GeoLite2
185.227.68.78,FI,Finland,Helsinki,Uusimaa,MaxMind GeoLite2
185.231.33.38,SC,Seychelles,,,MaxMind GeoLite2
185.233.100.23,FR,France,,,MaxMind GeoLite2
185.235.146.29,FR,France,,,MaxMind GeoLite2
185.241.208.115,PL,Poland,Warsaw,Mazovia,MaxMind GeoLite2
185.241.208.136,PL,Poland,Warsaw,Mazovia,MaxMind GeoLite2
185.241.208.184,PL,Poland,Warsaw,Mazovia,MaxMind GeoLite2
185.241.208.185,PL,Poland,Warsaw,Mazovia,MaxMind GeoLite2
185.241.208.234,PL,Poland,Warsaw,Mazovia,MaxMind GeoLite2
185.241.208.50,PL,Poland,Warsaw,Mazovia,MaxMind GeoLite2
185.241.208.66,PL,Poland,Warsaw,Mazovia,MaxMind GeoLite2
185.241.208.71,PL,Poland,Warsaw,Mazovia,MaxMind GeoLite2
185.241.208.81,PL,Poland,Warsaw,Mazovia,MaxMind GeoLite2
185.243.218.225,NO,Norway,Sandefjord,Vestfold,MaxMind GeoLite2
185.243.218.226,NO,Norway,Sandefjord,Vestfold,MaxMind GeoLite2
185.243.218.229,NO,Norway,Sandefjord,Vestfold,MaxMind GeoLite2
185.243.218.230,NO,Norway,Sandefjord,Vestfold,MaxMind GeoLite2
185.243.218.231,NO,Norway,Sandefjord,Vestfold,MaxMind GeoLite2
185.243.218.232,NO,Norway,Sandefjord,Vestfold,MaxMind GeoLite2
185.243.218.233,NO,Norway,Sandefjord,Vestfold,MaxMind GeoLite2
185.244.192.175,DE,Germany,Nuremberg,Bavaria,MaxMind GeoLite2
185.244.192.184,DE,Germany,Nuremberg,Bavaria,MaxMind GeoLite2
185.246.128.161,SE,Sweden,Stockholm,Stockholm County,MaxMind GeoLite2
185.246.188.149,NL,The Netherlands,,,MaxMind GeoLite2
185.246.188.73,NL,The Netherlands,,,MaxMind GeoLite2
185.246.188.74,NL,The Netherlands,,,MaxMind GeoLite2
185.246.189.99,NL,The Netherlands,,,MaxMind GeoLite2
185.246.190.136,IS,Iceland,,,MaxMind GeoLite2
185.246.190.137,IS,Iceland,,,MaxMind GeoLite2
185.246.190.83,IS,Iceland,,,MaxMind GeoLite2
185.246.84.179,FR,France,,,MaxMind GeoLite2
185.247.184.105,IT,Italy,,Lombardy,MaxMind GeoLite2
185.247.224.89,RO,Romania,Bucharest,București,MaxMind GeoLite2
185.247.226.95,IS,Iceland,,,MaxMind GeoLite2
185.252.232.218,FR,France,Lauterbourg,Grand Est,MaxMind GeoLite2
185.254.196.141,UA,Ukraine,Kyiv,Kyiv City,MaxMind GeoLite2
185.34.33.2,FR,France,,,MaxMind GeoLite2
185.35.202.222,NO,Norway,,,MaxMind GeoLite2
185.39.207.83,GR,Greece,,Crete,MaxMind GeoLite2
185.42.170.203,NO,Norway,Oslo,Oslo County,MaxMind GeoLite2
185.56.171.94,IT,Italy,,,MaxMind GeoLite2
185.62.56.249,NL,The Netherlands,,,MaxMind GeoLite2
185.62.58.165,NL,The Netherlands,,,MaxMind GeoLite2
185.67.82.114,FI,Finland,Helsinki,Uusimaa,MaxMind GeoLite2
185.82.219.109,BG,Bulgaria,Sofia,Sofia-Capital,MaxMind GeoLite2
185.93.89.106,IR,Iran,,,MaxMind GeoLite2
185.93.89.96,IR,Iran,,,MaxMind GeoLite2
188.239.191.25,NL,The Netherlands,Amsterdam,North Holland,MaxMind GeoLite2
188.68.36.28,DE,Germany,Nuremberg,Bavaria,MaxMind GeoLite2
188.68.41.191,DE,Germany,Nuremberg,Bavaria,MaxMind GeoLite2
188.68.49.235,DE,Germany,Nuremberg,Bavaria,MaxMind GeoLite2
188.68.52.231,DE,Germany,Nuremberg,Bavaria,MaxMind GeoLite2
190.103.179.98,MX,Mexico,,Mexico City,MaxMind GeoLite2
190.120.229.2,PE,Peru,Santiago de Surco,Lima region,MaxMind GeoLite2
190.120.229.98,PE,Peru,Santiago de Surco,Lima region,MaxMind GeoLite2
190.211.254.185,GB,United Kingdom,London,England,MaxMind GeoLite2
190.211.254.97,GB,United Kingdom,London,England,MaxMind GeoLite2
192.108.48.150,DE,Germany,,,MaxMind GeoLite2
192.109.200.33,BG,Bulgaria,,,MaxMind GeoLite2
192.121.44.26,SE,Sweden,,,MaxMind GeoLite2
192.121.44.27,SE,Sweden,,,MaxMind GeoLite2
192.121.44.33,SE,Sweden,,,MaxMind GeoLite2
192.121.44.34,SE,Sweden,,,MaxMind GeoLite2
192.159.99.162,US,United States,New York,New York,MaxMind GeoLite2
192.159.99.168,US,United States,New York,New York,MaxMind GeoLite2
192.159.99.21,US,United States,New York,New York,MaxMind GeoLite2
192.159.99.27,US,United States,New York,New York,MaxMind GeoLite2
192.159.99.38,US,United States,New York,New York,MaxMind GeoLite2
192.159.99.74,US,United States,New York,New York,MaxMind GeoLite2
192.159.99.79,US,United States,New York,New York,MaxMind GeoLite2
192.34.80.176,US,United States,Boston,Massachusetts,MaxMind GeoLite2
192.42.116.100,NL,The Netherlands,,,MaxMind GeoLite2
192.42.116.101,NL,The Netherlands,,,MaxMind GeoLite2
192.42.116.102,NL,The Netherlands,,,MaxMind GeoLite2
192.42.116.12,NL,The Netherlands,,,MaxMind GeoLite2
192.42.116.13,NL,The Netherlands,,,MaxMind GeoLite2
192.42.116.14,NL,The Netherlands,,,MaxMind GeoLite2
192.42.116.142,NL,The Netherlands,,,MaxMind GeoLite2
192.42.116.143,NL,The Netherlands,,,MaxMind GeoLite2
192.42.116.144,NL,The Netherlands,,,MaxMind GeoLite2
192.42.116.145,NL,The Netherlands,,,MaxMind GeoLite2
192.42.116.15,NL,The Netherlands,,,MaxMind GeoLite2
192.42.116.16,NL,The Netherlands,,,MaxMind GeoLite2
192.42.116.17,NL,The Netherlands,,,MaxMind GeoLite2
192.42.116.42,NL,The Netherlands,,,MaxMind GeoLite2
192.42.116.43,NL,The Netherlands,,,MaxMind GeoLite2
192.42.116.44,NL,The Netherlands,,,MaxMind GeoLite2
192.42.116.45,NL,The Netherlands,,,MaxMind GeoLite2
192.42.116.46,NL,The Netherlands,,,MaxMind GeoLite2
192.42.116.47,NL,The Netherlands,,,MaxMind GeoLite2
192.42.116.48,NL,The Netherlands,,,MaxMind GeoLite2
192.42.116.49,NL,The Netherlands,,,MaxMind GeoLite2
192.42.116.50,NL,The Netherlands,,,MaxMind GeoLite2
192.42.116.51,NL,The Netherlands,,,MaxMind GeoLite2
192.42.116.52,NL,The Netherlands,,,MaxMind GeoLite2
192.42.116.92,NL,The Netherlands,,,MaxMind GeoLite2
192.42.116.93,NL,The Netherlands,,,MaxMind GeoLite2
192.42.116.94,NL,The Netherlands,,,MaxMind GeoLite2
192.42.116.95,NL,The Netherlands,,,MaxMind GeoLite2
192.42.116.96,NL,The Netherlands,,,MaxMind GeoLite2
192.42.116.97,NL,The Netherlands,,,MaxMind GeoLite2
192.42.116.98,NL,The Netherlands,,,MaxMind GeoLite2
192.42.116.99,NL,The Netherlands,,,MaxMind GeoLite2
192.76.153.253,NL,The Netherlands,,,MaxMind GeoLite2
193.105.134.150,SE,Sweden,Stockholm,Stockholm County,MaxMind GeoLite2
193.105.134.155,SE,Sweden,Stockholm,Stockholm County,MaxMind GeoLite2
193.105.134.254,SE,Sweden,Stockholm,Stockholm County,MaxMind GeoLite2
193.189.100.194,SE,Sweden,,,MaxMind GeoLite2
193.189.100.195,SE,Sweden,,,MaxMind GeoLite2
193.189.100.196,SE,Sweden,,,MaxMind GeoLite2
193.189.100.197,SE,Sweden,,,MaxMind GeoLite2
193.189.100.198,SE,Sweden,,,MaxMind GeoLite2
193.189.100.199,SE,Sweden,,,MaxMind GeoLite2
193.189.100.200,SE,Sweden,,,MaxMind GeoLite2
193.189.100.201,SE,Sweden,,,MaxMind GeoLite2
193.189.100.202,SE,Sweden,,,MaxMind GeoLite2
193.189.100.203,SE,Sweden,,,MaxMind GeoLite2
193.189.100.204,SE,Sweden,,,MaxMind GeoLite2
193.189.100.205,SE,Sweden,,,MaxMind GeoLite2
193.189.100.206,SE,Sweden,,,MaxMind GeoLite2
193.200.229.243,NO,Norway,Sandefjord,Vestfold,MaxMind GeoLite2
193.237.155.109,GB,United Kingdom,Windsor,England,MaxMind GeoLite2
193.237.221.228,GB,United Kingdom,London,England,MaxMind GeoLite2
193.239.232.235,SE,Sweden,,,MaxMind GeoLite2
193.26.115.123,US,United States,Miami,Florida,MaxMind GeoLite2
193.26.115.140,US,United States,Miami,Florida,MaxMind GeoLite2
193.26.115.43,US,United States,Miami,Florida,MaxMind GeoLite2
193.36.132.21,NL,The Netherlands,Amsterdam,North Holland,MaxMind GeoLite2
194.15.112.133,GB,United Kingdom,,,MaxMind GeoLite2
194.15.113.118,CZ,Czechia,Brno,South Moravian,MaxMind GeoLite2
194.15.115.212,GB,United Kingdom,,,MaxMind GeoLite2
194.15.36.117,DE,Germany,,,MaxMind GeoLite2
194.163.136.187,FR,France,Lauterbourg,Grand Est,MaxMind GeoLite2
194.163.157.49,FR,France,Lauterbourg,Grand Est,MaxMind GeoLite2
194.26.192.177,NL,The Netherlands,Lelystad,Flevoland,MaxMind GeoLite2
194.26.192.22,NL,The Netherlands,Lelystad,Flevoland,MaxMind GeoLite2
194.26.192.37,NL,The Netherlands,Lelystad,Flevoland,MaxMind GeoLite2
194.26.192.46,NL,The Netherlands,Lelystad,Flevoland,MaxMind GeoLite2
194.26.192.77,NL,The Netherlands,Lelystad,Flevoland,MaxMind GeoLite2
194.32.107.14,NO,Norway,Sandefjord,Vestfold,MaxMind GeoLite2
194.32.107.172,NO,Norway,Sandefjord,Vestfold,MaxMind GeoLite2
194.32.107.231,NO,Norway,Sandefjord,Vestfold,MaxMind GeoLite2
194.53.137.102,ES,Spain,Madrid,Madrid,MaxMind GeoLite2
194.53.137.156,ES,Spain,Madrid,Madrid,MaxMind GeoLite2
194.53.137.42,ES,Spain,Madrid,Madrid,MaxMind GeoLite2
195.160.220.104,NL,The Netherlands,Haarlem,North Holland,MaxMind GeoLite2
195.176.3.23,CH,Switzerland,Lausanne,Vaud,MaxMind GeoLite2
195.176.3.24,CH,Switzerland,Lausanne,Vaud,MaxMind GeoLite2
195.246.231.197,IS,Iceland,Reykjavik,Capital Region,MaxMind GeoLite2
195.47.238.176,SE,Sweden,,,MaxMind GeoLite2
195.47.238.177,SE,Sweden,,,MaxMind GeoLite2
195.47.238.44,SE,Sweden,,,MaxMind GeoLite2
195.47.238.50,SE,Sweden,,,MaxMind GeoLite2
195.80.151.242,BG,Bulgaria,,Sofia,MaxMind GeoLite2
195.88.74.206,BG,Bulgaria,,,MaxMind GeoLite2
196.196.200.100,IE,Ireland,Dublin,Leinster,MaxMind GeoLite2
198.46.166.157,US,United States,Los Angeles,California,MaxMind GeoLite2
198.58.107.53,US,United States,Richardson,Texas,MaxMind GeoLite2
198.96.155.3,CA,Canada,,,MaxMind GeoLite2
198.98.48.33,US,United States,Staten Island,New York,MaxMind GeoLite2
198.98.50.199,US,United States,Staten Island,New York,MaxMind GeoLite2
198.98.51.189,US,United States,Staten Island,New York,MaxMind GeoLite2
198.98.51.249,US,United States,Staten Island,New York,MaxMind GeoLite2
198.98.57.151,US,United States,Staten Island,New York,MaxMind GeoLite2
198.98.57.74,US,United States,Staten Island,New York,MaxMind GeoLite2
198.98.61.60,US,United States,Staten Island,New York,MaxMind GeoLite2
198.98.62.158,US,United States,Staten Island,New York,MaxMind GeoLite2
199.195.248.168,US,United States,Staten Island,New York,MaxMind GeoLite2
199.195.251.119,US,United States,Staten Island,New York,MaxMind GeoLite2
199.195.253.124,US,United States,Staten Island,New York,MaxMind GeoLite2
199.195.253.156,US,United States,Staten Island,New York,MaxMind GeoLite2
199.195.253.180,US,United States,Staten Island,New York,MaxMind GeoLite2
2.56.10.36,NL,The Netherlands,,,MaxMind GeoLite2
2.58.56.220,NL,The Netherlands,Lelystad,Flevoland,MaxMind GeoLite2
2.58.56.35,NL,The Netherlands,Lelystad,Flevoland,MaxMind GeoLite2
2.58.56.43,NL,The Netherlands,Lelystad,Flevoland,MaxMind GeoLite2
2.58.56.46,NL,The Netherlands,Lelystad,Flevoland,MaxMind GeoLite2
2.58.56.93,NL,The Netherlands,Lelystad,Flevoland,MaxMind GeoLite2
200.122.181.2,CR,Costa Rica,,,MaxMind GeoLite2
203.159.90.15,NL,The Netherlands,Lelystad,Flevoland,MaxMind GeoLite2
203.202.232.160,TR,Türkiye,Istanbul,Istanbul,MaxMind GeoLite2
203.55.81.1,FR,France,,,MaxMind GeoLite2
203.55.81.2,FR,France,,,MaxMind GeoLite2
204.137.14.104,NL,The Netherlands,Eygelshoven,Limburg,MaxMind GeoLite2
204.137.14.105,NL,The Netherlands,Eygelshoven,Limburg,MaxMind GeoLite2
204.137.14.106,NL,The Netherlands,Eygelshoven,Limburg,MaxMind GeoLite2
204.137.14.92,NL,The Netherlands,Eygelshoven,Limburg,MaxMind GeoLite2
204.194.29.4,US,United States,,,MaxMind GeoLite2
204.8.156.142,US,United States,Boston,Massachusetts,MaxMind GeoLite2
204.8.96.120,US,United States,,,MaxMind GeoLite2
204.85.191.7,US,United States,,,MaxMind GeoLite2
204.85.191.8,US,United States,,,MaxMind GeoLite2
204.85.191.9,US,United States,,,MaxMind GeoLite2
205.185.113.112,US,United States,Las Vegas,Nevada,MaxMind GeoLite2
205.185.113.180,US,United States,Las Vegas,Nevada,MaxMind GeoLite2
205.185.113.8,US,United States,Las Vegas,Nevada,MaxMind GeoLite2
205.185.116.34,US,United States,Las Vegas,Nevada,MaxMind GeoLite2
205.185.121.170,US,United States,Las Vegas,Nevada,MaxMind GeoLite2
205.185.121.177,US,United States,Las Vegas,Nevada,MaxMind GeoLite2
205.185.123.93,US,United States,Las Vegas,Nevada,MaxMind GeoLite2
205.185.124.176,US,United States,Las Vegas,Nevada,MaxMind GeoLite2
206.166.251.193,NL,The Netherlands,Amsterdam,North Holland,MaxMind GeoLite2
206.206.192.178,US,United States,,,MaxMind GeoLite2
206.245.166.8,US,United States,,,MaxMind GeoLite2
209.127.122.140,US,United States,Buffalo,New York,MaxMind GeoLite2
209.141.32.198,US,United States,Las Vegas,Nevada,MaxMind GeoLite2
209.141.34.15,US,United States,Las Vegas,Nevada,MaxMind GeoLite2
209.141.40.68,US,United States,Las Vegas,Nevada,MaxMind GeoLite2
209.141.45.141,US,United States,Las Vegas,Nevada,MaxMind GeoLite2
209.141.46.203,US,United States,Las Vegas,Nevada,MaxMind GeoLite2
209.141.51.180,US,United States,Las Vegas,Nevada,MaxMind GeoLite2
209.141.51.30,US,United States,Las Vegas,Nevada,MaxMind GeoLite2
209.141.55.26,US,United States,Las Vegas,Nevada,MaxMind GeoLite2
209.141.55.88,US,United States,Las Vegas,Nevada,MaxMind GeoLite2
209.141.58.254,US,United States,Las Vegas,Nevada,MaxMind GeoLite2
209.141.61.225,US,United States,Las Vegas,Nevada,MaxMind GeoLite2
212.21.66.6,DE,Germany,,,MaxMind GeoLite2
212.38.189.186,GB,United Kingdom,,,MaxMind GeoLite2
212.46.33.18,LT,Lithuania,,,MaxMind GeoLite2
212.69.167.80,AT,Austria,Vienna,Vienna,MaxMind GeoLite2
212.73.134.204,BG,Bulgaria,,,MaxMind GeoLite2
212.86.126.239,NL,The Netherlands,Haarlem,North Holland,MaxMind GeoLite2
212.95.50.77,DE,Germany,,,MaxMind GeoLite2
213.95.149.22,DE,Germany,Hamburg,Hamburg,MaxMind GeoLite2
216.239.90.19,CA,Canada,Montreal,Quebec,MaxMind GeoLite2
216.73.159.101,CL,Chile,Valdivia,Los Ríos Region,MaxMind GeoLite2
216.73.159.75,CL,Chile,Valdivia,Los Ríos Region,MaxMind GeoLite2
216.9.225.157,US,United States,,,MaxMind GeoLite2
217.12.221.131,UA,Ukraine,Kyiv,Kyiv City,MaxMind GeoLite2
217.182.75.199,PL,Poland,Warsaw,Mazovia,MaxMind GeoLite2
220.135.36.173,TW,Taiwan,Taipei,Taipei City,MaxMind GeoLite2
23.129.64.130,US,United States,,,MaxMind GeoLite2
23.129.64.131,US,United States,,,MaxMind GeoLite2
23.129.64.132,US,United States,,,MaxMind GeoLite2
23.129.64.133,US,United States,,,MaxMind GeoLite2
23.129.64.134,US,United States,,,MaxMind GeoLite2
23.129.64.135,US,United States,,,MaxMind GeoLite2
23.129.64.136,US,United States,,,MaxMind GeoLite2
23.129.64.137,US,United States,,,MaxMind GeoLite2
23.129.64.138,US,United States,,,MaxMind GeoLite2
23.129.64.139,US,United States,,,MaxMind GeoLite2
23.129.64.140,US,United States,,,MaxMind GeoLite2
23.129.64.141,US,United States,,,MaxMind GeoLite2
23.129.64.142,US,United States,,,MaxMind GeoLite2
23.129.64.143,US,United States,,,MaxMind GeoLite2
23.129.64.144,US,United States,,,MaxMind GeoLite2
23.129.64.145,US,United States,,,MaxMind GeoLite2
23.129.64.146,US,United States,,,MaxMind GeoLite2
23.129.64.147,US,United States,,,MaxMind GeoLite2
23.129.64.148,US,United States,,,MaxMind GeoLite2
23.129.64.149,US,United States,,,MaxMind GeoLite2
23.129.64.150,US,United States,,,MaxMind GeoLite2
23.129.64.151,US,United States,,,MaxMind GeoLite2
23.129.64.152,US,United States,,,MaxMind GeoLite2
23.129.64.153,US,United States,,,MaxMind GeoLite2
23.129.64.154,US,United States,,,MaxMind GeoLite2
23.129.64.155,US,United States,,,MaxMind GeoLite2
23.129.64.156,US,United States,,,MaxMind GeoLite2
23.129.64.157,US,United States,,,MaxMind GeoLite2
23.129.64.158,US,United States,,,MaxMind GeoLite2
23.129.64.159,US,United States,,,MaxMind GeoLite2
23.129.64.160,US,United States,,,MaxMind GeoLite2
23.129.64.161,US,United States,,,MaxMind GeoLite2
23.129.64.162,US,United States,,,MaxMind GeoLite2
23.129.64.163,US,United States,,,MaxMind GeoLite2
23.129.64.164,US,United States,,,MaxMind GeoLite2
23.129.64.165,US,United States,,,MaxMind GeoLite2
23.129.64.166,US,United States,,,MaxMind GeoLite2
23.129.64.167,US,United States,,,MaxMind GeoLite2
23.129.64.168,US,United States,,,MaxMind GeoLite2
23.129.64.169,US,United States,,,MaxMind GeoLite2
23.129.64.170,US,United States,,,MaxMind GeoLite2
23.129.64.171,US,United States,,,MaxMind GeoLite2
23.129.64.172,US,United States,,,MaxMind GeoLite2
23.129.64.173,US,United States,,,MaxMind GeoLite2
23.129.64.174,US,United States,,,MaxMind GeoLite2
23.129.64.175,US,United States,,,MaxMind GeoLite2
23.129.64.176,US,United States,,,MaxMind GeoLite2
23.129.64.177,US,United States,,,MaxMind GeoLite2
23.129.64.178,US,United States,,,MaxMind GeoLite2
23.129.64.179,US,United States,,,MaxMind GeoLite2
23.129.64.180,US,United States,,,MaxMind GeoLite2
23.129.64.181,US,United States,,,MaxMind GeoLite2
23.129.64.182,US,United States,,,MaxMind GeoLite2
23.129.64.183,US,United States,,,MaxMind GeoLite2
23.129.64.184,US,United States,,,MaxMind GeoLite2
23.129.64.185,US,United States,,,MaxMind GeoLite2
23.129.64.186,US,United States,,,MaxMind GeoLite2
23.129.64.187,US,United States,,,MaxMind GeoLite2
23.129.64.188,US,United States,,,MaxMind GeoLite2
23.129.64.189,US,United States,,,MaxMind GeoLite2
23.129.64.190,US,United States,,,MaxMind GeoLite2
23.129.64.191,US,United States,,,MaxMind GeoLite2
23.129.64.192,US,United States,,,MaxMind GeoLite2
23.129.64.193,US,United States,,,MaxMind GeoLite2
23.129.64.194,US,United States,,,MaxMind GeoLite2
23.129.64.195,US,United States,,,MaxMind GeoLite2
23.129.64.196,US,United States,,,MaxMind GeoLite2
23.129.64.197,US,United States,,,MaxMind GeoLite2
23.129.64.198,US,United States,,,MaxMind GeoLite2
23.129.64.199,US,United States,,,MaxMind GeoLite2
23.129.64.200,US,United States,,,MaxMind GeoLite2
23.129.64.201,US,United States,,,MaxMind GeoLite2
23.129.64.202,US,United States,,,MaxMind GeoLite2
23.129.64.203,US,United States,,,MaxMind GeoLite2
23.129.64.204,US,United States,,,MaxMind GeoLite2
23.129.64.205,US,United States,,,MaxMind GeoLite2
23.129.64.206,US,United States,,,MaxMind GeoLite2
23.129.64.207,US,United States,,,MaxMind GeoLite2
23.129.64.208,US,United States,,,MaxMind GeoLite2
23.129.64.209,US,United States,,,MaxMind GeoLite2
23.129.64.210,US,United States,,,MaxMind GeoLite2
23.129.64.211,US,United States,,,MaxMind GeoLite2
23.129.64.212,US,United States,,,MaxMind GeoLite2
23.129.64.213,US,United States,,,MaxMind GeoLite2
23.129.64.214,US,United States,,,MaxMind GeoLite2
23.129.64.215,US,United States,,,MaxMind GeoLite2
23.129.64.216,US,United States,,,MaxMind GeoLite2
23.129.64.217,US,United States,,,MaxMind GeoLite2
23.129.64.218,US,United States,,,MaxMind GeoLite2
23.129.64.219,US,United States,,,MaxMind GeoLite2
23.129.64.220,US,United States,,,MaxMind GeoLite2
23.129.64.221,US,United States,,,MaxMind GeoLite2
23.129.64.222,US,United States,,,MaxMind GeoLite2
23.129.64.223,US,United States,,,MaxMind GeoLite2
23.129.64.224,US,United States,,,MaxMind GeoLite2
23.129.64.225,US,United States,,,MaxMind GeoLite2
23.129.64.99,US,United States,,,MaxMind GeoLite2
23.134.76.28,US,United States,,,MaxMind GeoLite2
23.134.88.60,US,United States,,,MaxMind GeoLite2
23.134.90.60,CH,Switzerland,Zurich,Zurich,MaxMind GeoLite2
23.134.90.61,CH,Switzerland,Zurich,Zurich,MaxMind GeoLite2
23.137.105.248,US,United States,North Kansas City,Missouri,MaxMind GeoLite2
23.137.248.100,NL,The Netherlands,Amsterdam,North Holland,MaxMind GeoLite2
23.137.251.75,BG,Bulgaria,Sofia,Sofia-Capital,MaxMind GeoLite2
23.137.253.113,US,United States,,,MaxMind GeoLite2
23.137.253.125,US,United States,,,MaxMind GeoLite2
23.137.254.244,US,United States,Kansas City,Missouri,MaxMind GeoLite2
23.137.255.45,US,United States,Liberty Lake,Washington,MaxMind GeoLite2
23.137.255.85,US,United States,Liberty Lake,Washington,MaxMind GeoLite2
23.151.8.88,US,United States,,,MaxMind GeoLite2
23.155.8.104,US,United States,Fremont,California,MaxMind GeoLite2
23.184.48.78,US,United States,Liberty Lake,Washington,MaxMind GeoLite2
23.191.200.10,US,United States,,,MaxMind GeoLite2
23.191.200.100,US,United States,,,MaxMind GeoLite2
23.191.200.101,US,United States,,,MaxMind GeoLite2
23.191.200.102,US,United States,,,MaxMind GeoLite2
23.191.200.103,US,United States,,,MaxMind GeoLite2
23.191.200.104,US,United States,,,MaxMind GeoLite2
23.191.200.105,US,United States,,,MaxMind GeoLite2
23.191.200.106,US,United States,,,MaxMind GeoLite2
23.191.200.107,US,United States,,,MaxMind GeoLite2
23.191.200.108,US,United States,,,MaxMind GeoLite2
23.191.200.109,US,United States,,,MaxMind GeoLite2
23.191.200.11,US,United States,,,MaxMind GeoLite2
23.191.200.110,US,United States,,,MaxMind GeoLite2
23.191.200.111,US,United States,,,MaxMind GeoLite2
23.191.200.112,US,United States,,,MaxMind GeoLite2
23.191.200.113,US,United States,,,MaxMind GeoLite2
23.191.200.114,US,United States,,,MaxMind GeoLite2
23.191.200.115,US,United States,,,MaxMind GeoLite2
23.191.200.116,US,United States,,,MaxMind GeoLite2
23.191.200.117,US,United States,,,MaxMind GeoLite2
23.191.200.118,US,United States,,,MaxMind GeoLite2
23.191.200.119,US,United States,,,MaxMind GeoLite2
23.191.200.12,US,United States,,,MaxMind GeoLite2
23.191.200.120,US,United States,,,MaxMind GeoLite2
23.191.200.121,US,United States,,,MaxMind GeoLite2
23.191.200.122,US,United States,,,MaxMind GeoLite2
23.191.200.123,US,United States,,,MaxMind GeoLite2
23.191.200.124,US,United States,,,MaxMind GeoLite2
23.191.200.13,US,United States,,,MaxMind GeoLite2
23.191.200.14,US,United States,,,MaxMind GeoLite2
23.191.200.15,US,United States,,,MaxMind GeoLite2
23.191.200.16,US,United States,,,MaxMind GeoLite2
23.191.200.17,US,United States,,,MaxMind GeoLite2
23.191.200.18,US,United States,,,MaxMind GeoLite2
23.191.200.19,US,United States,,,MaxMind GeoLite2
23.191.200.2,US,United States,,,MaxMind GeoLite2
23.191.200.20,US,United States,,,MaxMind GeoLite2
23.191.200.21,US,United States,,,MaxMind GeoLite2
23.191.200.22,US,United States,,,MaxMind GeoLite2
23.191.200.23,US,United States,,,MaxMind GeoLite2
23.191.200.24,US,United States,,,MaxMind GeoLite2
23.191.200.25,US,United States,,,MaxMind GeoLite2
23.191.200.26,US,United States,,,MaxMind GeoLite2
23.191.200.27,US,United States,,,MaxMind GeoLite2
23.191.200.28,US,United States,,,MaxMind GeoLite2
23.191.200.29,US,United States,,,MaxMind GeoLite2
23.191.200.3,US,United States,,,MaxMind GeoLite2
23.191.200.30,US,United States,,,MaxMind GeoLite2
23.191.200.31,US,United States,,,MaxMind GeoLite2
23.191.200.32,US,United States,,,MaxMind GeoLite2
23.191.200.33,US,United States,,,MaxMind GeoLite2
23.191.200.34,US,United States,,,MaxMind GeoLite2
23.191.200.35,US,United States,,,MaxMind GeoLite2
23.191.200.36,US,United States,,,MaxMind GeoLite2
23.191.200.37,US,United States,,,MaxMind GeoLite2
23.191.200.38,US,United States,,,MaxMind GeoLite2
23.191.200.39,US,United States,,,MaxMind GeoLite2
23.191.200.4,US,United States,,,MaxMind GeoLite2
23.191.200.40,US,United States,,,MaxMind GeoLite2
23.191.200.41,US,United States,,,MaxMind GeoLite2
23.191.200.42,US,United States,,,MaxMind GeoLite2
23.191.200.43,US,United States,,,MaxMind GeoLite2
23.191.200.44,US,United States,,,MaxMind GeoLite2
23.191.200.45,US,United States,,,MaxMind GeoLite2
23.191.200.46,US,United States,,,MaxMind GeoLite2
23.191.200.47,US,United States,,,MaxMind GeoLite2
23.191.200.48,US,United States,,,MaxMind GeoLite2
23.191.200.49,US,United States,,,MaxMind GeoLite2
23.191.200.5,US,United States,,,MaxMind GeoLite2
23.191.200.50,US,United States,,,MaxMind GeoLite2
23.191.200.51,US,United States,,,MaxMind GeoLite2
23.191.200.52,US,United States,,,MaxMind GeoLite2
23.191.200.53,US,United States,,,MaxMind GeoLite2
23.191.200.54,US,United States,,,MaxMind GeoLite2
23.191.200.55,US,United States,,,MaxMind GeoLite2
23.191.200.56,US,United States,,,MaxMind GeoLite2
23.191.200.57,US,United States,,,MaxMind GeoLite2
23.191.200.58,US,United States,,,MaxMind GeoLite2
23.191.200.59,US,United States,,,MaxMind GeoLite2
23.191.200.6,US,United States,,,MaxMind GeoLite2
23.191.200.60,US,United States,,,MaxMind GeoLite2
23.191.200.61,US,United States,,,MaxMind GeoLite2
23.191.200.62,US,United States,,,MaxMind GeoLite2
23.191.200.63,US,United States,,,MaxMind GeoLite2
23.191.200.64,US,United States,,,MaxMind GeoLite2
23.191.200.65,US,United States,,,MaxMind GeoLite2
23.191.200.66,US,United States,,,MaxMind GeoLite2
23.191.200.67,US,United States,,,MaxMind GeoLite2
23.191.200.68,US,United States,,,MaxMind GeoLite2
23.191.200.69,US,United States,,,MaxMind GeoLite2
23.191.200.7,US,United States,,,MaxMind GeoLite2
23.191.200.70,US,United States,,,MaxMind GeoLite2
23.191.200.71,US,United States,,,MaxMind GeoLite2
23.191.200.72,US,United States,,,MaxMind GeoLite2
23.191.200.73,US,United States,,,MaxMind GeoLite2
23.191.200.74,US,United States,,,MaxMind GeoLite2
23.191.200.75,US,United States,,,MaxMind GeoLite2
23.191.200.76,US,United States,,,MaxMind GeoLite2
23.191.200.77,US,United States,,,MaxMind GeoLite2
23.191.200.78,US,United States,,,MaxMind GeoLite2
23.191.200.79,US,United States,,,MaxMind GeoLite2
23.191.200.8,US,United States,,,MaxMind GeoLite2
23.191.200.80,US,United States,,,MaxMind GeoLite2
23.191.200.81,US,United States,,,MaxMind GeoLite2
23.191.200.82,US,United States,,,MaxMind GeoLite2
23.191.200.83,US,United States,,,MaxMind GeoLite2
23.191.200.84,US,United States,,,MaxMind GeoLite2
23.191.200.85,US,United States,,,MaxMind GeoLite2
23.191.200.86,US,United States,,,MaxMind GeoLite2
23.191.200.87,US,United States,,,MaxMind GeoLite2
23.191.200.88,US,United States,,,MaxMind GeoLite2
23.191.200.89,US,United States,,,MaxMind GeoLite2
23.191.200.9,US,United States,,,MaxMind GeoLite2
23.191.200.90,US,United States,,,MaxMind GeoLite2
23.191.200.91,US,United States,,,MaxMind GeoLite2
23.191.200.92,US,United States,,,MaxMind GeoLite2
23.191.200.93,US,United States,,,MaxMind GeoLite2
23.191.200.94,US,United States,,,MaxMind GeoLite2
23.191.200.95,US,United States,,,MaxMind GeoLite2
23.191.200.96,US,United States,,,MaxMind GeoLite2
23.191.200.97,US,United States,,,MaxMind GeoLite2
23.191.200.98,US,United States,,,MaxMind GeoLite2
23.191.200.99,US,United States,,,MaxMind GeoLite2
23.236.122.193,US,United States,Ashburn,Virginia,MaxMind GeoLite2
31.129.22.65,PT,Portugal,Viana do Castelo,Viana do Castelo,MaxMind GeoLite2
31.133.0.210,PL,Poland,,,MaxMind GeoLite2
31.133.0.235,PL,Poland,,,MaxMind GeoLite2
31.220.75.237,FR,France,Lauterbourg,Grand Est,MaxMind GeoLite2
31.40.204.151,TR,Türkiye,Istanbul,Istanbul,MaxMind GeoLite2
35.0.127.52,US,United States,Ann Arbor,Michigan,MaxMind GeoLite2
37.114.50.124,DE,Germany,,,MaxMind GeoLite2
37.114.50.142,DE,Germany,,,MaxMind GeoLite2
37.114.50.18,DE,Germany,,,MaxMind GeoLite2
37.114.50.27,DE,Germany,,,MaxMind GeoLite2
37.114.63.5,DE,Germany,,,MaxMind GeoLite2
37.157.254.6,DE,Germany,,,MaxMind GeoLite2
37.187.5.192,FR,France,,,MaxMind GeoLite2
37.221.208.71,HU,Hungary,,,MaxMind GeoLite2
37.228.129.128,FI,Finland,,,MaxMind GeoLite2
37.228.129.162,FI,Finland,,,MaxMind GeoLite2
37.228.129.168,FI,Finland,,,MaxMind GeoLite2
37.228.129.189,FI,Finland,,,MaxMind GeoLite2
37.228.129.241,FI,Finland,,,MaxMind GeoLite2
37.228.129.63,FI,Finland,,,MaxMind GeoLite2
37.48.70.156,NL,The Netherlands,Amsterdam,North Holland,MaxMind GeoLite2
37.77.56.238,EE,Estonia,Tallinn,Harjumaa,MaxMind GeoLite2
38.134.41.34,US,United States,Houston,Texas,MaxMind GeoLite2
38.135.24.120,US,United States,Somers,New York,MaxMind GeoLite2
38.135.24.122,US,United States,Somers,New York,MaxMind GeoLite2
38.135.24.213,US,United States,Somers,New York,MaxMind GeoLite2
38.135.24.241,US,United States,Somers,New York,MaxMind GeoLite2
38.135.24.30,US,United States,Somers,New York,MaxMind GeoLite2
38.135.24.31,US,United States,Somers,New York,MaxMind GeoLite2
38.135.24.32,US,United States,Somers,New York,MaxMind GeoLite2
38.135.24.33,US,United States,Somers,New York,MaxMind GeoLite2
38.135.24.72,US,United States,Somers,New York,MaxMind GeoLite2
38.135.25.127,US,United States,Somers,New York,MaxMind GeoLite2
38.135.25.136,US,United States,Somers,New York,MaxMind GeoLite2
38.135.25.140,US,United States,Somers,New York,MaxMind GeoLite2
38.135.25.141,US,United States,Somers,New York,MaxMind GeoLite2
38.135.25.142,US,United States,Somers,New York,MaxMind GeoLite2
38.135.25.143,US,United States,Somers,New York,MaxMind GeoLite2
38.135.25.144,US,United States,Somers,New York,MaxMind GeoLite2
38.135.25.182,US,United States,Somers,New York,MaxMind GeoLite2
38.135.25.97,US,United States,Somers,New York,MaxMind GeoLite2
43.159.138.176,US,United States,Santa Clara,California,MaxMind GeoLite2
44.30.4.69,PL,Poland,Ciechanów,Mazovia,MaxMind GeoLite2
45.11.59.28,US,United States,Seattle,Washington,MaxMind GeoLite2
45.12.3.80,UA,Ukraine,Kyiv,Kyiv City,MaxMind GeoLite2
45.128.133.242,BE,Belgium,Brussels,Brussels Capital,MaxMind GeoLite2
45.13.225.69,DE,Germany,,,MaxMind GeoLite2
45.13.225.78,DE,Germany,,,MaxMind GeoLite2
45.133.74.53,DE,Germany,,,MaxMind GeoLite2
45.134.225.36,DE,Germany,,,MaxMind GeoLite2
45.137.201.100,IT,Italy,Milan,Lombardy,MaxMind GeoLite2
45.137.69.37,DE,Germany,,,MaxMind GeoLite2
45.137.70.158,DE,Germany,,,MaxMind GeoLite2
45.137.99.15,RO,Romania,Orăştie,Hunedoara County,MaxMind GeoLite2
45.137.99.182,RO,Romania,Orăştie,Hunedoara County,MaxMind GeoLite2
45.138.16.107,PL,Poland,Warsaw,Mazovia,MaxMind GeoLite2
45.138.16.118,PL,Poland,Warsaw,Mazovia,MaxMind GeoLite2
45.138.16.125,PL,Poland,Warsaw,Mazovia,MaxMind GeoLite2
45.138.16.164,PL,Poland,Warsaw,Mazovia,MaxMind GeoLite2
45.138.16.222,PL,Poland,Warsaw,Mazovia,MaxMind GeoLite2
45.138.16.230,PL,Poland,Warsaw,Mazovia,MaxMind GeoLite2
45.138.16.231,PL,Poland,Warsaw,Mazovia,MaxMind GeoLite2
45.138.16.234,PL,Poland,Warsaw,Mazovia,MaxMind GeoLite2
45.138.16.240,PL,Poland,Warsaw,Mazovia,MaxMind GeoLite2
45.138.16.248,PL,Poland,Warsaw,Mazovia,MaxMind GeoLite2
45.138.16.42,PL,Poland,Warsaw,Mazovia,MaxMind GeoLite2
45.138.16.69,PL,Poland,Warsaw,Mazovia,MaxMind GeoLite2
45.138.16.76,PL,Poland,Warsaw,Mazovia,MaxMind GeoLite2
45.141.119.113,CH,Switzerland,Bern,Bern,MaxMind GeoLite2
45.141.119.79,CH,Switzerland,Bern,Bern,MaxMind GeoLite2
45.141.215.110,PL,Poland,Warsaw,Mazovia,MaxMind GeoLite2
45.141.215.114,PL,Poland,Warsaw,Mazovia,MaxMind GeoLite2
45.141.215.156,PL,Poland,Warsaw,Mazovia,MaxMind GeoLite2
45.141.215.169,PL,Poland,Warsaw,Mazovia,MaxMind GeoLite2
45.141.215.200,PL,Poland,Warsaw,Mazovia,MaxMind GeoLite2
45.141.215.227,PL,Poland,Warsaw,Mazovia,MaxMind GeoLite2
45.141.215.238,PL,Poland,Warsaw,Mazovia,MaxMind GeoLite2
45.141.215.28,PL,Poland,Warsaw,Mazovia,MaxMind GeoLite2
45.141.215.56,PL,Poland,Warsaw,Mazovia,MaxMind GeoLite2
45.141.215.61,PL,Poland,Warsaw,Mazovia,MaxMind GeoLite2
45.141.215.95,PL,Poland,Warsaw,Mazovia,MaxMind GeoLite2
45.141.215.97,PL,Poland,Warsaw,Mazovia,MaxMind GeoLite2
45.148.10.111,NL,The Netherlands,Amsterdam,North Holland,MaxMind GeoLite2
45.148.10.217,NL,The Netherlands,Amsterdam,North Holland,MaxMind GeoLite2
45.15.140.245,NZ,New Zealand,Wellington,Wellington Region,MaxMind GeoLite2
45.154.98.153,NL,The Netherlands,Lelystad,Flevoland,MaxMind GeoLite2
45.154.98.160,NL,The Netherlands,Lelystad,Flevoland,MaxMind GeoLite2
45.154.98.19,NL,The Netherlands,Lelystad,Flevoland,MaxMind GeoLite2
45.154.98.33,NL,The Netherlands,Lelystad,Flevoland,MaxMind GeoLite2
45.154.98.42,NL,The Netherlands,Lelystad,Flevoland,MaxMind GeoLite2
45.154.98.52,NL,The Netherlands,Lelystad,Flevoland,MaxMind GeoLite2
45.38.20.213,US,United States,,,MaxMind GeoLite2
45.38.20.219,US,United States,,,MaxMind GeoLite2
45.38.20.240,US,United States,,,MaxMind GeoLite2
45.61.184.51,US,United States,Miami,Florida,MaxMind GeoLite2
45.61.185.172,US,United States,Miami,Florida,MaxMind GeoLite2
45.61.188.15,US,United States,Miami,Florida,MaxMind GeoLite2
45.66.35.10,NL,The Netherlands,Amsterdam,North Holland,MaxMind GeoLite2
45.66.35.20,NL,The Netherlands,Amsterdam,North Holland,MaxMind GeoLite2
45.66.35.21,NL,The Netherlands,Amsterdam,North Holland,MaxMind GeoLite2
45.66.35.22,NL,The Netherlands,Amsterdam,North Holland,MaxMind GeoLite2
45.66.35.23,NL,The Netherlands,Amsterdam,North Holland,MaxMind GeoLite2
45.66.35.24,NL,The Netherlands,Amsterdam,North Holland,MaxMind GeoLite2
45.66.35.25,NL,The Netherlands,Amsterdam,North Holland,MaxMind GeoLite2
45.66.35.26,NL,The Netherlands,Amsterdam,North Holland,MaxMind GeoLite2
45.66.35.27,NL,The Netherlands,Amsterdam,North Holland,MaxMind GeoLite2
45.66.35.28,NL,The Netherlands,Amsterdam,North Holland,MaxMind GeoLite2
45.66.35.29,NL,The Netherlands,Amsterdam,North Holland,MaxMind GeoLite2
45.66.35.30,NL,The Netherlands,Amsterdam,North Holland,MaxMind GeoLite2
45.66.35.31,NL,The Netherlands,Amsterdam,North Holland,MaxMind GeoLite2
45.66.35.32,NL,The Netherlands,Amsterdam,North Holland,MaxMind GeoLite2
45.66.35.33,NL,The Netherlands,Amsterdam,North Holland,MaxMind GeoLite2
45.66.35.34,NL,The Netherlands,Amsterdam,North Holland,MaxMind GeoLite2
45.66.35.35,NL,The Netherlands,Amsterdam,North Holland,MaxMind GeoLite2
45.80.158.111,PL,Poland,Warsaw,Mazovia,MaxMind GeoLite2
45.80.158.142,PL,Poland,Warsaw,Mazovia,MaxMind GeoLite2
45.80.158.143,PL,Poland,Warsaw,Mazovia,MaxMind GeoLite2
45.80.158.165,PL,Poland,Warsaw,Mazovia,MaxMind GeoLite2
45.80.158.167,PL,Poland,Warsaw,Mazovia,MaxMind GeoLite2
45.80.158.249,PL,Poland,Warsaw,Mazovia,MaxMind GeoLite2
45.80.158.27,PL,Poland,Warsaw,Mazovia,MaxMind GeoLite2
45.80.158.75,PL,Poland,Warsaw,Mazovia,MaxMind GeoLite2
45.80.158.93,PL,Poland,Warsaw,Mazovia,MaxMind GeoLite2
45.83.104.137,DE,Germany,Nuremberg,Bavaria,MaxMind GeoLite2
45.84.107.101,SE,Sweden,,,MaxMind GeoLite2
45.84.107.128,SE,Sweden,,,MaxMind GeoLite2
45.84.107.17,SE,Sweden,,,MaxMind GeoLite2
45.84.107.172,SE,Sweden,,,MaxMind GeoLite2
45.84.107.174,SE,Sweden,,,MaxMind GeoLite2
45.84.107.182,SE,Sweden,,,MaxMind GeoLite2
45.84.107.198,SE,Sweden,,,MaxMind GeoLite2
45.84.107.200,SE,Sweden,,,MaxMind GeoLite2
45.84.107.222,SE,Sweden,,,MaxMind GeoLite2
45.84.107.33,SE,Sweden,,,MaxMind GeoLite2
45.84.107.47,SE,Sweden,,,MaxMind GeoLite2
45.84.107.54,SE,Sweden,,,MaxMind GeoLite2
45.84.107.55,SE,Sweden,,,MaxMind GeoLite2
45.84.107.74,SE,Sweden,,,MaxMind GeoLite2
45.84.107.76,SE,Sweden,,,MaxMind GeoLite2
45.84.107.97,SE,Sweden,,,MaxMind GeoLite2
45.9.148.50,NL,The Netherlands,Amsterdam,North Holland,MaxMind GeoLite2
45.9.156.101,BG,Bulgaria,Sofia,Sofia-Capital,MaxMind GeoLite2
45.9.156.106,BG,Bulgaria,Sofia,Sofia-Capital,MaxMind GeoLite2
45.9.156.193,BG,Bulgaria,Sofia,Sofia-Capital,MaxMind GeoLite2
45.9.156.22,BG,Bulgaria,Sofia,Sofia-Capital,MaxMind GeoLite2
45.9.168.106,HU,Hungary,Nyíregyháza,Szabolcs-Szatmár-Bereg,MaxMind GeoLite2
45.9.168.192,HU,Hungary,Nyíregyháza,Szabolcs-Szatmár-Bereg,MaxMind GeoLite2
45.91.250.107,DE,Germany,Langen,Hesse,MaxMind GeoLite2
45.93.137.168,LT,Lithuania,Vilnius,Vilnius,MaxMind GeoLite2
45.94.31.228,NL,The Netherlands,Lelystad,Flevoland,MaxMind GeoLite2
45.94.31.244,NL,The Netherlands,Lelystad,Flevoland,MaxMind GeoLite2
45.94.31.68,NL,The Netherlands,Lelystad,Flevoland,MaxMind GeoLite2
45.94.31.76,NL,The Netherlands,Lelystad,Flevoland,MaxMind GeoLite2
45.95.169.104,HR,Croatia,Sisak,Sisak-Moslavina County,MaxMind GeoLite2
45.95.169.119,HR,Croatia,Sisak,Sisak-Moslavina County,MaxMind GeoLite2
46.165.194.56,DE,Germany,,,MaxMind GeoLite2
46.165.243.36,DE,Germany,,,MaxMind GeoLite2
46.232.251.191,DE,Germany,Nuremberg,Bavaria,MaxMind GeoLite2
46.234.47.105,CH,Switzerland,Zug,Zug,MaxMind GeoLite2
46.234.47.106,CH,Switzerland,Zug,Zug,MaxMind GeoLite2
46.234.47.107,CH,Switzerland,Zug,Zug,MaxMind GeoLite2
46.234.47.108,CH,Switzerland,Zug,Zug,MaxMind GeoLite2
46.250.243.29,GB,United Kingdom,London,England,MaxMind GeoLite2
47.250.80.226,MY,Malaysia,Kuala Lumpur,Kuala Lumpur,MaxMind GeoLite2
47.254.15.174,US,United States,,California,MaxMind GeoLite2
47.254.153.161,DE,Germany,Frankfurt am Main,Hesse,MaxMind GeoLite2
47.254.173.155,DE,Germany,Frankfurt am Main,Hesse,MaxMind GeoLite2
47.84.7.211,SG,Singapore,,,MaxMind GeoLite2
5.104.84.183,JP,Japan,Tokyo,Tokyo,MaxMind GeoLite2
5.104.86.6,JP,Japan,Tokyo,Tokyo,MaxMind GeoLite2
5.196.95.34,FR,France,,,MaxMind GeoLite2
5.2.67.226,NL,The Netherlands,,,MaxMind GeoLite2
5.2.72.110,NL,The Netherlands,,,MaxMind GeoLite2
5.2.79.179,NL,The Netherlands,,,MaxMind GeoLite2
5.252.154.89,PA,Panama,,,MaxMind GeoLite2
5.253.247.27,DE,Germany,,,MaxMind GeoLite2
5.255.100.26,NL,The Netherlands,Dronten,Flevoland,MaxMind GeoLite2
5.255.101.10,NL,The Netherlands,Dronten,Flevoland,MaxMind GeoLite2
5.255.101.131,NL,The Netherlands,Dronten,Flevoland,MaxMind GeoLite2
5.255.102.26,NL,The Netherlands,Dronten,Flevoland,MaxMind GeoLite2
5.255.103.235,NL,The Netherlands,Dronten,Flevoland,MaxMind GeoLite2
5.255.104.202,NL,The Netherlands,Dronten,Flevoland,MaxMind GeoLite2
5.255.104.35,NL,The Netherlands,Dronten,Flevoland,MaxMind GeoLite2
5.255.110.120,NL,The Netherlands,Dronten,Flevoland,MaxMind GeoLite2
5.255.111.52,NL,The Netherlands,Dronten,Flevoland,MaxMind GeoLite2
5.255.115.48,NL,The Netherlands,Dronten,Flevoland,MaxMind GeoLite2
5.255.115.58,NL,The Netherlands,Dronten,Flevoland,MaxMind GeoLite2
5.255.117.134,NL,The Netherlands,Dronten,Flevoland,MaxMind GeoLite2
5.255.117.152,NL,The Netherlands,Dronten,Flevoland,MaxMind GeoLite2
5.255.117.56,NL,The Netherlands,Dronten,Flevoland,MaxMind GeoLite2
5.255.118.151,NL,The Netherlands,Dronten,Flevoland,MaxMind GeoLite2
5.255.118.218,NL,The Netherlands,Dronten,Flevoland,MaxMind GeoLite2
5.255.119.76,NL,The Netherlands,Dronten,Flevoland,MaxMind GeoLite2
5.255.123.158,NL,The Netherlands,Dronten,Flevoland,MaxMind GeoLite2
5.255.123.164,NL,The Netherlands,Dronten,Flevoland,MaxMind GeoLite2
5.255.125.196,NL,The Netherlands,Dronten,Flevoland,MaxMind GeoLite2
5.255.127.222,NL,The Netherlands,Dronten,Flevoland,MaxMind GeoLite2
5.255.97.184,NL,The Netherlands,Dronten,Flevoland,MaxMind GeoLite2
5.255.97.221,NL,The Netherlands,Dronten,Flevoland,MaxMind GeoLite2
5.255.98.151,NL,The Netherlands,Dronten,Flevoland,MaxMind GeoLite2
5.255.98.198,NL,The Netherlands,Dronten,Flevoland,MaxMind GeoLite2
5.255.98.23,NL,The Netherlands,Dronten,Flevoland,MaxMind GeoLite2
5.255.99.124,NL,The Netherlands,Dronten,Flevoland,MaxMind GeoLite2
5.255.99.147,NL,The Netherlands,Dronten,Flevoland,MaxMind GeoLite2
5.255.99.5,NL,The Netherlands,Dronten,Flevoland,MaxMind GeoLite2
5.34.182.203,UA,Ukraine,Kyiv,Kyiv City,MaxMind GeoLite2
5.45.102.93,DE,Germany,Nuremberg,Bavaria,MaxMind GeoLite2
5.45.104.176,DE,Germany,Nuremberg,Bavaria,MaxMind GeoLite2
5.45.98.162,DE,Germany,Nuremberg,Bavaria,MaxMind GeoLite2
5.79.66.19,NL,The Netherlands,,,MaxMind GeoLite2
51.15.15.12,NL,The Netherlands,Haarlem,North Holland,MaxMind GeoLite2
51.15.59.15,NL,The Netherlands,Haarlem,North Holland,MaxMind GeoLite2
51.158.151.177,NL,The Netherlands,Haarlem,North Holland,MaxMind GeoLite2
51.38.225.46,FR,France,,,MaxMind GeoLite2
51.81.222.62,US,United States,Hillsboro,Oregon,MaxMind GeoLite2
51.91.18.151,FR,France,,,MaxMind GeoLite2
54.234.20.220,US,United States,Ashburn,Virginia,MaxMind GeoLite2
54.36.108.162,FR,France,,,MaxMind GeoLite2
54.82.15.33,US,United States,Ashburn,Virginia,MaxMind GeoLite2
57.129.91.235,DE,Germany,Frankfurt am Main,Hesse,MaxMind GeoLite2
62.133.45.2,RO,Romania,Bucharest,București,MaxMind GeoLite2
62.149.23.133,UA,Ukraine,Kyiv,Kyiv City,MaxMind GeoLite2
62.171.137.169,DE,Germany,Frankfurt am Main,Hesse,MaxMind GeoLite2
62.182.84.146,UA,Ukraine,Kyiv,Kyiv City,MaxMind GeoLite2
62.50.145.59,NL,The Netherlands,,,MaxMind GeoLite2
62.72.47.105,SG,Singapore,Singapore,,MaxMind GeoLite2
64.188.93.178,FI,Finland,Helsinki,Uusimaa,MaxMind GeoLite2
64.190.113.106,US,United States,Los Angeles,California,MaxMind GeoLite2
64.190.113.221,US,United States,Los Angeles,California,MaxMind GeoLite2
64.190.76.10,US,United States,Columbus,Georgia,MaxMind GeoLite2
64.190.76.11,US,United States,Columbus,Georgia,MaxMind GeoLite2
64.190.76.12,US,United States,Columbus,Georgia,MaxMind GeoLite2
64.190.76.13,US,United States,Columbus,Georgia,MaxMind GeoLite2
64.190.76.14,US,United States,Columbus,Georgia,MaxMind GeoLite2
64.190.76.2,US,United States,Columbus,Georgia,MaxMind GeoLite2
64.190.76.3,US,United States,Columbus,Georgia,MaxMind GeoLite2
64.190.76.4,US,United States,Columbus,Georgia,MaxMind GeoLite2
66.146.193.33,US,United States,,,MaxMind GeoLite2
66.220.242.222,US,United States,West Lebanon,New Hampshire,MaxMind GeoLite2
66.78.40.146,US,United States,,Washington,MaxMind GeoLite2
66.78.40.91,US,United States,,Washington,MaxMind GeoLite2
67.217.244.5,US,United States,,,MaxMind GeoLite2
69.163.77.166,US,United States,Salt Lake City,Utah,MaxMind GeoLite2
71.19.144.106,US,United States,Santa Clara,California,MaxMind GeoLite2
72.211.49.235,US,United States,San Diego,California,MaxMind GeoLite2
72.5.43.62,RO,Romania,,București,MaxMind GeoLite2
74.208.192.81,US,United States,,,MaxMind GeoLite2
74.208.79.7,US,United States,,,MaxMind GeoLite2
74.50.118.26,US,United States,,,MaxMind GeoLite2
74.82.47.194,US,United States,Gunnison,Utah,MaxMind GeoLite2
77.239.97.46,DE,Germany,Frankfurt am Main,Hesse,MaxMind GeoLite2
77.48.28.193,CZ,Czechia,Třebenice,Ústecký kraj,MaxMind GeoLite2
77.48.28.204,CZ,Czechia,Třebenice,Ústecký kraj,MaxMind GeoLite2
77.48.28.237,CZ,Czechia,Třebenice,Ústecký kraj,MaxMind GeoLite2
77.48.28.239,CZ,Czechia,Třebenice,Ústecký kraj,MaxMind GeoLite2
77.81.247.72,NL,The Netherlands,Amsterdam,North Holland,MaxMind GeoLite2
77.90.185.51,IR,Iran,,,MaxMind GeoLite2
78.130.199.40,BG,Bulgaria,Plovdiv,Plovdiv,MaxMind GeoLite2
78.141.219.102,NL,The Netherlands,Amsterdam,North Holland,MaxMind GeoLite2
78.142.18.219,BG,Bulgaria,,,MaxMind GeoLite2
8.211.148.167,JP,Japan,Tokyo,Tokyo,MaxMind GeoLite2
8.215.52.126,ID,Indonesia,Jakarta,Jakarta,MaxMind GeoLite2
80.241.60.207,DE,Germany,Berlin,State of Berlin,MaxMind GeoLite2
80.67.167.81,FR,France,Paris,Île-de-France,MaxMind GeoLite2
80.67.172.162,FR,France,,,MaxMind GeoLite2
80.94.92.92,RO,Romania,,,MaxMind GeoLite2
80.94.92.99,RO,Romania,,,MaxMind GeoLite2
81.16.33.42,AT,Austria,,,MaxMind GeoLite2
81.17.28.95,CH,Switzerland,Zurich,Zurich,MaxMind GeoLite2
81.181.104.22,PL,Poland,Warsaw,Mazovia,MaxMind GeoLite2
82.118.248.205,BG,Bulgaria,Sofia,Sofia-Capital,MaxMind GeoLite2
82.153.138.143,RO,Romania,Orăştie,Hunedoara County,MaxMind GeoLite2
82.153.138.184,RO,Romania,Orăştie,Hunedoara County,MaxMind GeoLite2
82.153.138.57,RO,Romania,Orăştie,Hunedoara County,MaxMind GeoLite2
82.197.182.161,CH,Switzerland,Rüschlikon,Zurich,MaxMind GeoLite2
82.221.100.12,IS,Iceland,Reykjavik,Capital Region,MaxMind GeoLite2
82.221.100.222,IS,Iceland,Reykjavik,Capital Region,MaxMind GeoLite2
82.221.128.191,IS,Iceland,,,MaxMind GeoLite2
82.221.131.5,IS,Iceland,,,MaxMind GeoLite2
82.221.131.71,IS,Iceland,,,MaxMind GeoLite2
82.221.131.86,IS,Iceland,,,MaxMind GeoLite2
82.221.139.190,IS,Iceland,,,MaxMind GeoLite2
83.217.9.73,TR,Türkiye,Istanbul,Istanbul,MaxMind GeoLite2
83.97.20.77,RO,Romania,Bucharest,București,MaxMind GeoLite2
84.16.224.227,DE,Germany,,,MaxMind GeoLite2
84.19.182.20,DE,Germany,,,MaxMind GeoLite2
84.212.130.191,NO,Norway,Oslo,Oslo County,MaxMind GeoLite2
84.238.156.136,BG,Bulgaria,Sofia,Sofia-Capital,MaxMind GeoLite2
84.239.46.144,RO,Romania,,,MaxMind GeoLite2
85.93.218.204,LU,Luxembourg,Strassen,Luxembourg,MaxMind GeoLite2
86.54.28.49,NL,The Netherlands,Amsterdam,North Holland,MaxMind GeoLite2
86.54.42.247,SC,Seychelles,,,MaxMind GeoLite2
87.106.76.226,GB,United Kingdom,,,MaxMind GeoLite2
87.118.110.27,DE,Germany,,,MaxMind GeoLite2
87.118.116.103,DE,Germany,,,MaxMind GeoLite2
87.118.116.12,DE,Germany,,,MaxMind GeoLite2
87.118.116.90,DE,Germany,,,MaxMind GeoLite2
87.118.122.30,DE,Germany,,,MaxMind GeoLite2
87.118.122.51,DE,Germany,,,MaxMind GeoLite2
88.80.20.86,SE,Sweden,,,MaxMind GeoLite2
88.80.26.2,SE,Sweden,,,MaxMind GeoLite2
88.80.26.3,SE,Sweden,,,MaxMind GeoLite2
88.80.26.4,SE,Sweden,,,MaxMind GeoLite2
89.147.108.90,IS,Iceland,Reykjavik,Capital Region,MaxMind GeoLite2
89.147.110.118,IS,Iceland,Reykjavik,Capital Region,MaxMind GeoLite2
89.147.110.154,IS,Iceland,Reykjavik,Capital Region,MaxMind GeoLite2
89.147.110.251,IS,Iceland,Reykjavik,Capital Region,MaxMind GeoLite2
89.147.110.82,IS,Iceland,Reykjavik,Capital Region,MaxMind GeoLite2
89.147.111.87,IS,Iceland,Reykjavik,Capital Region,MaxMind GeoLite2
89.234.157.254,FR,France,,,MaxMind GeoLite2
89.58.26.216,DE,Germany,Nuremberg,Bavaria,MaxMind GeoLite2
89.58.41.156,DE,Germany,Nuremberg,Bavaria,MaxMind GeoLite2
91.132.144.59,DE,Germany,Nuremberg,Bavaria,MaxMind GeoLite2
91.202.5.104,NL,The Netherlands,Haarlem,North Holland,MaxMind GeoLite2
91.203.144.194,UA,Ukraine,Kryvyi Rih,Dnipropetrovsk Oblast,MaxMind GeoLite2
91.203.145.116,UA,Ukraine,Kryvyi Rih,Dnipropetrovsk Oblast,MaxMind GeoLite2
91.206.26.26,PL,Poland,,,MaxMind GeoLite2
91.208.75.153,RO,Romania,,,MaxMind GeoLite2
91.208.75.156,RO,Romania,,,MaxMind GeoLite2
91.208.75.178,RO,Romania,,,MaxMind GeoLite2
91.208.75.239,RO,Romania,,,MaxMind GeoLite2
91.208.75.3,RO,Romania,,,MaxMind GeoLite2
91.208.75.4,RO,Romania,,,MaxMind GeoLite2
91.212.45.214,NL,The Netherlands,Amsterdam,North Holland,MaxMind GeoLite2
91.219.236.101,HU,Hungary,Budapest,Budapest,MaxMind GeoLite2
91.219.237.39,HU,Hungary,Budapest,Budapest,MaxMind GeoLite2
91.92.109.126,BG,Bulgaria,,,MaxMind GeoLite2
91.92.109.43,BG,Bulgaria,,,MaxMind GeoLite2
92.118.206.161,DE,Germany,,,MaxMind GeoLite2
92.119.164.208,DE,Germany,,,MaxMind GeoLite2
92.119.165.108,DE,Germany,,,MaxMind GeoLite2
92.243.24.163,FR,France,,,MaxMind GeoLite2
92.246.84.133,DE,Germany,,,MaxMind GeoLite2
93.113.25.109,RO,Romania,Orăştie,Hunedoara County,MaxMind GeoLite2
93.113.25.160,RO,Romania,Orăştie,Hunedoara County,MaxMind GeoLite2
93.113.25.90,RO,Romania,Orăştie,Hunedoara County,MaxMind GeoLite2
93.113.25.96,RO,Romania,Orăştie,Hunedoara County,MaxMind GeoLite2
93.95.227.37,IS,Iceland,,,MaxMind GeoLite2
93.95.228.125,IS,Iceland,Reykjavik,Capital Region,MaxMind GeoLite2
93.95.231.14,IS,Iceland,,,MaxMind GeoLite2
93.95.231.88,IS,Iceland,,,MaxMind GeoLite2
93.99.104.128,CZ,Czechia,Uherské Hradiště,Zlín,MaxMind GeoLite2
93.99.104.18,CZ,Czechia,Uherské Hradiště,Zlín,MaxMind GeoLite2
93.99.104.194,CZ,Czechia,Uherské Hradiště,Zlín,MaxMind GeoLite2
93.99.104.40,CZ,Czechia,Uherské Hradiště,Zlín,MaxMind GeoLite2
93.99.104.87,CZ,Czechia,Uherské Hradiště,Zlín,MaxMind GeoLite2
94.102.51.15,NL,The Netherlands,Amsterdam,North Holland,MaxMind GeoLite2
94.142.241.194,NL,The Netherlands,Amsterdam,North Holland,MaxMind GeoLite2
94.142.244.16,NL,The Netherlands,Amsterdam,North Holland,MaxMind GeoLite2
94.154.172.227,BG,Bulgaria,,,MaxMind GeoLite2
94.156.152.223,BG,Bulgaria,,,MaxMind GeoLite2
94.16.115.121,DE,Germany,Nuremberg,Bavaria,MaxMind GeoLite2
94.16.116.81,DE,Germany,Nuremberg,Bavaria,MaxMind GeoLite2
94.230.208.147,CH,Switzerland,Zurich,Zurich,MaxMind GeoLite2
94.230.208.148,CH,Switzerland,Zurich,Zurich,MaxMind GeoLite2
94.72.104.135,GB,United Kingdom,Portsmouth,England,MaxMind GeoLite2
94.75.225.81,NL,The Netherlands,,,MaxMind GeoLite2
95.128.43.164,FR,France,,,MaxMind GeoLite2
95.135.208.24,NL,The Netherlands,Amsterdam,North Holland,MaxMind GeoLite2
95.143.193.125,SE,Sweden,,,MaxMind GeoLite2
95.168.173.143,NL,The Netherlands,,,MaxMind GeoLite2
95.169.191.186,DE,Germany,,,MaxMind GeoLite2
95.211.244.28,NL,The Netherlands,,,MaxMind GeoLite2
98.128.173.33,SE,Sweden,Gothenburg,Västra Götaland County,MaxMind GeoLite2
